IncidentID,AgencyORI,AgencyName,IncidentStatusDesc,County,RdwyNumber,Street,RoadwayName,StreetSfx,StreetDir,IntersectionRdwy,IntersectionRdwyName,BetweenStRdwy1,BetweenStRdwyName1,BetweenStRdwy2,BetweenStRdwyName2,Latitude,Longitude,Milepoint,CollisionDate,CollisionTime,UnitsInvolved,MotorVehiclesInvolved,NumberKilled,NumberInjured,Weather,RdwyConditionCode,HitandRun,DirAnalysisCode,MannerofCollision,RdwyCharacter,LightCondition,RampFromRdwyId,RampToRdwyId,AcceptedDate,IsSecondaryCollision,OwnerBadge,IncidentStatus
32255712,420000,GRAVES COUNTY SHERIFF DEPT.,Accepted,GRAVES,JC9003,,JC9003 SB,,,,,,,,,36.67655448,-88.73526011,16.023,9/25/23 0:00,500,1,1,0,0,CLEAR,DRY,FALSE,COLLISION WITH FIXED OBJECT NON - INTERSECTION - FIRST EVENT COLLISION 09 - 32 EXCLUDING 16,SINGLE VEHICLE,STRAIGHT & LEVEL,DARK-HWY NOT LIGHTED,,,9/27/23 3:59,FALSE,14,Accepted
32298264,450100,FLATWOODS POLICE DEPARTMENT,Accepted,GREENUP,,,FEDERAL,WAY,,,MARY SUE,,,,,38.52334199,-82.71215086,0.176,9/25/23 0:00,1111,2,2,0,0,CLOUDY,DRY,FALSE,COLLISION WITH PARKED VEHICLE,SIDESWIPE-OPPOSITE DIRECTION,STRAIGHT & LEVEL,DAYLIGHT,,,10/6/23 17:26,FALSE,395,Accepted
32264817,KSP0100,KY STATE POLICE POST 01,Accepted,GRAVES,JC9003,,JC9003 N,,,,,,,,,36.65390995,-88.74546697,14.381,9/25/23 0:00,1220,2,2,0,0,CLEAR,DRY,TRUE,SIDESWIPE COLLISION - SAME DIRECTION,SIDESWIPE-SAME DIRECTION,STRAIGHT & LEVEL,DAYLIGHT,,,9/28/23 21:36,FALSE,721,Accepted
32242903,250000,CLARK COUNTY SHERIFF DEPT.,Accepted,CLARK,I 0064,I-64,I64 E,,,,,,,,,38.02290923,-84.13091883,98.701,9/25/23 0:00,1709,2,2,0,0,CLEAR,DRY,FALSE,REAR END IN TRAFFIC LANES BOTH VEHICLES MOVING,REAR END,STRAIGHT & LEVEL,DAYLIGHT,,,9/26/23 13:57,FALSE,608,Accepted
32243773,150000,BULLITT COUNTY SHERIFF DEPT.,Accepted,BULLITT,I 0065,,I65 SB,,,,,I 0065,I65 SB EXIT112 ON RAMP FROM KY245,I 0065,I65 TURN AROUND109,37.89530915,-85.69976668,109.598,9/25/23 0:00,1445,2,2,0,0,CLEAR,DRY,FALSE,REAR END IN TRAFFIC LANES BOTH VEHICLES MOVING,REAR END,STRAIGHT & LEVEL,DAYLIGHT,,,9/26/23 16:12,FALSE,1282,Accepted
32238323,150000,BULLITT COUNTY SHERIFF DEPT.,Accepted,BULLITT,I 0065,,I65 SB,,,,,,,,,37.90815649,-85.69083575,110.612,9/25/23 0:00,1350,2,2,0,0,CLEAR,DRY,FALSE,REAR END IN TRAFFIC LANES BOTH VEHICLES MOVING,REAR END,STRAIGHT & GRADE,DAYLIGHT,,,9/25/23 15:59,FALSE,1248,Accepted
32241019,568000,LOUISVILLE METRO POLICE DEPT,Accepted,JEFFERSON,I 0064,,I64 E,,,,,,,,,38.22296402,-85.52181468,18.101,9/25/23 0:00,1455,2,2,0,2,CLEAR,DRY,TRUE,REAR END IN TRAFFIC LANES BOTH VEHICLES MOVING,REAR END,STRAIGHT & GRADE,DAYLIGHT,,,9/26/23 7:49,FALSE,7316,Accepted
32326999,150200,LEBANON JUNCTION POLICE DEPT.,Accepted,BULLITT,I 0065,,I65 S,,,,,,,,,37.84542724,-85.71560242,105.962,9/24/23 0:00,1723,7,7,0,3,CLEAR,DRY,FALSE,REAR END IN TRAFFIC LANES BOTH VEHICLES MOVING,REAR END,STRAIGHT & LEVEL,DAYLIGHT,,,10/13/23 12:33,FALSE,607,Accepted
32234394,150000,BULLITT COUNTY SHERIFF DEPT.,Accepted,BULLITT,I 0065,,I65 S,,,,,,,,,37.84656537,-85.71544558,106.061,9/24/23 0:00,1500,1,1,0,0,CLEAR,DRY,FALSE,COLLISION WITH FIXED OBJECT NON - INTERSECTION - FIRST EVENT COLLISION 09 - 32 EXCLUDING 16,SINGLE VEHICLE,STRAIGHT & LEVEL,DAYLIGHT,,,9/25/23 0:10,FALSE,1284,Accepted
32232987,150000,BULLITT COUNTY SHERIFF DEPT.,Accepted,BULLITT,I 0065,,I65 S,,,,,,,,,37.84271745,-85.71557479,105.781,9/24/23 0:00,1104,1,1,0,2,CLEAR,DRY,FALSE,OTHER ROADWAY OR MID-BLOCK COLLISION,SINGLE VEHICLE,STRAIGHT & LEVEL,DAYLIGHT,,,9/24/23 14:47,FALSE,1033,Accepted
32266199,150000,BULLITT COUNTY SHERIFF DEPT.,Accepted,BULLITT,I 0065,,I65 NB,,,,,I 0065,I65 TURN AROUND109,I 0065,I65 NB EXIT112 OFF RAMP TO KY245,37.90179534,-85.69549292,110.094,9/22/23 0:00,1806,1,1,0,1,CLEAR,DRY,FALSE,COLLISION WITH FIXED OBJECT NON - INTERSECTION - FIRST EVENT COLLISION 09 - 32 EXCLUDING 16,SINGLE VEHICLE,STRAIGHT & LEVEL,DAYLIGHT,,,9/29/23 7:25,FALSE,1055,Accepted
32259292,930400,OLDHAM COUNTY POLICE DEPT.,Accepted,OLDHAM,I 0071,,I71 N,,,,,,,,,38.34308456,-85.49818794,14.045,9/22/23 0:00,2252,2,2,0,0,CLEAR,DRY,FALSE,SIDESWIPE COLLISION - SAME DIRECTION,SIDESWIPE-SAME DIRECTION,STRAIGHT & LEVEL,DARK-HWY LIGHTED/ON,,,9/27/23 17:55,FALSE,3072,Accepted
32571138,840000,MERCER COUNTY SHERIFF DEPT.,Accepted,MERCER,BG9002,,BG9002 W,,,,,,,,,37.93367746,-84.96500767,53.058,9/22/23 0:00,1738,3,3,0,2,CLEAR,DRY,FALSE,OTHER ROADWAY OR MID-BLOCK COLLISION,REAR TO REAR,STRAIGHT & LEVEL,DAYLIGHT,,,12/11/23 19:59,FALSE,131,Accepted
32280640,430000,GRAYSON COUNTY SHERIFF DEPT.,Accepted,GRAYSON,WK9001,,WK9001 W,,,,,,,,,37.4951913,-86.18314493,113.336,9/22/23 0:00,933,2,1,0,0,CLEAR,DRY,FALSE,REAR END IN TRAFFIC LANES BOTH VEHICLES MOVING,REAR END,STRAIGHT & GRADE,DAYLIGHT,,,10/3/23 3:08,FALSE,101,Accepted
32237637,340200,LEXINGTON POLICE DEPARTMENT,Accepted,FAYETTE,I 0075,,,,,,,,,,,37.89019757,-84.34866892,0.119,9/22/23 0:00,1000,2,2,0,0,CLEAR,DRY,FALSE,OTHER RAMP RELATED COLLISIONS NOT LISTED ABOVE,REAR END,STRAIGHT & GRADE,DAYLIGHT,US0025,I 0075,9/25/23 13:44,FALSE,30541,Accepted
32220908,KSP0700,KY STATE POLICE POST 07,Accepted,MADISON,I 0075,,I75 N,,,,,,,,,37.84875544,-84.32991873,95.116,9/21/23 0:00,728,2,2,0,0,CLEAR,DRY,FALSE,REAR END IN TRAFFIC LANES BOTH VEHICLES MOVING,REAR END,STRAIGHT & LEVEL,DAYLIGHT,,,9/21/23 11:27,FALSE,959,Accepted
32229725,80000,BOONE COUNTY SHERIFF DEPT.,Accepted,BOONE,I 0275,,I275 W,,,,,,,,,39.06451764,-84.64493677,3.262,9/21/23 0:00,1007,1,1,0,0,CLOUDY,DRY,FALSE,COLLISION WITH FIXED OBJECT NON - INTERSECTION - FIRST EVENT COLLISION 09 - 32 EXCLUDING 16,SINGLE VEHICLE,STRAIGHT & LEVEL,DAYLIGHT,,,9/23/23 10:08,FALSE,3765,Accepted
32235896,568000,LOUISVILLE METRO POLICE DEPT,Accepted,JEFFERSON,I 0064,,I64 W,,,,,,,I 0264,I264 W,38.28015219,-85.82371233,,9/20/23 0:00,44,1,1,0,1,CLEAR,DRY,FALSE,OTHER ROADWAY OR MID-BLOCK COLLISION,SINGLE VEHICLE,STRAIGHT & LEVEL,DARK-HWY LIGHTED/ON,,,9/25/23 8:28,FALSE,7586,Accepted
32218105,420000,GRAVES COUNTY SHERIFF DEPT.,Accepted,GRAVES,JC9003,,JC9003 SB,,,,,,,,,36.64615271,-88.75327457,13.653,9/20/23 0:00,730,1,1,0,0,CLEAR,DRY,FALSE,COLLISION WITH FIXED OBJECT NON - INTERSECTION - FIRST EVENT COLLISION 09 - 32 EXCLUDING 16,SINGLE VEHICLE,STRAIGHT & LEVEL,DAYLIGHT,,,9/20/23 21:46,FALSE,13,Accepted
32226978,370200,KY STATE POLICE CVE,Accepted,ROCKCASTLE,I 0075,,I75 N,,,,,,,,,37.41964506,-84.34192287,65.024,9/20/23 0:00,1105,2,2,0,0,CLEAR,DRY,FALSE,SIDESWIPE COLLISION - SAME DIRECTION,SIDESWIPE-SAME DIRECTION,STRAIGHT & GRADE,DAYLIGHT,,,9/22/23 14:50,FALSE,C-357,Accepted
32278798,340200,LEXINGTON POLICE DEPARTMENT,Accepted,FAYETTE,I 0075,,I75 N,,,,,,,,,38.09658862,-84.47902563,114.823,9/20/23 0:00,2234,2,2,0,0,CLEAR,DRY,TRUE,SIDESWIPE COLLISION - SAME DIRECTION,SIDESWIPE-SAME DIRECTION,STRAIGHT & LEVEL,DARK-HWY LIGHTED/ON,,,10/2/23 16:19,FALSE,44376,Accepted
32216377,590300,ERLANGER POLICE DEPARTMENT,Accepted,KENTON,I 0275,,I275 W,,,,,,,,,39.03829848,-84.6067865,0.462,9/20/23 0:00,630,2,2,0,0,CLEAR,DRY,FALSE,REAR END IN TRAFFIC LANES BOTH VEHICLES MOVING,REAR END,CURVE & LEVEL,DARK-HWY LIGHTED/OFF,,,9/20/23 14:55,FALSE,165,Accepted
32260095,1180200,WILLIAMSBURG POLICE DEPARTMENT,Accepted,WHITLEY,US0025W,,US25W,,S,,,,,,,36.74358265,-84.15565951,12.297,9/20/23 0:00,1106,2,2,0,0,CLEAR,DRY,FALSE,REAR END IN TRAFFIC LANES BOTH VEHICLES MOVING,REAR END,STRAIGHT & LEVEL,DAYLIGHT,,,9/27/23 23:06,FALSE,112,Accepted
32221914,590300,ERLANGER POLICE DEPARTMENT,Accepted,KENTON,I 0275,,I275 W,,,,,,,,,39.03211172,-84.58888277,83.175,9/20/23 0:00,1512,2,2,0,0,CLEAR,DRY,FALSE,OTHER ROADWAY OR MID-BLOCK COLLISION,REAR END,STRAIGHT & LEVEL,DAYLIGHT,,,9/21/23 15:47,FALSE,152,Accepted
32222195,570000,JESSAMINE COUNTY SHERIFF DEPT.,Accepted,JESSAMINE,KY1980,,BRANNON,RD,,,CLAYS ML EXT,,,,,37.96816049,-84.57516609,1.029,9/20/23 0:00,1238,2,2,0,0,CLEAR,DRY,FALSE,ANGLE COLLISION - ONE VEHICLE TURNING LEFT,ANGLE,STRAIGHT & GRADE,DAYLIGHT,,,9/21/23 16:56,FALSE,768,Accepted
32220562,568000,LOUISVILLE METRO POLICE DEPT,Accepted,JEFFERSON,,,EDLIN,LN,,,MINOR,,,,,38.12842172,-85.71145217,0.012,9/20/23 0:00,1830,2,2,0,0,CLEAR,DRY,TRUE,VEHICLE BACKING IN INTERSECTION,BACKING,STRAIGHT & LEVEL,DAYLIGHT,,,9/21/23 10:07,FALSE,5498,Accepted
32262203,980500,COAL RUN VILLAGE POLICE DEPT,Accepted,PIKE,US0023,,US23,,,,,,,,,37.52930665,-82.57581825,29.487,9/19/23 0:00,2300,2,2,0,0,CLEAR,DRY,FALSE,VEHICLE BACKING NON INTERSECTION,BACKING,STRAIGHT & LEVEL,DARK-HWY NOT LIGHTED,,,9/28/23 10:35,FALSE,5104,Accepted
32218087,250000,CLARK COUNTY SHERIFF DEPT.,Accepted,CLARK,I 0064,,I64 E,,,,,,,,,38.01717457,-84.15569492,97.286,9/19/23 0:00,1546,2,2,0,0,CLEAR,DRY,FALSE,REAR END IN TRAFFIC LANES BOTH VEHICLES MOVING,REAR END,STRAIGHT & LEVEL,DAYLIGHT,,,9/20/23 21:34,FALSE,623,Accepted
32212528,250000,CLARK COUNTY SHERIFF DEPT.,Accepted,CLARK,I 0064,,I64 E,,,,,,,,,38.01547402,-84.16179855,96.934,9/19/23 0:00,1539,2,2,0,0,CLEAR,DRY,FALSE,REAR END IN TRAFFIC LANES BOTH VEHICLES MOVING,REAR END,STRAIGHT & LEVEL,DAYLIGHT,,,9/19/23 18:04,FALSE,626,Accepted
32217315,250100,WINCHESTER POLICE DEPARTMENT,Accepted,CLARK,I 0064,96,I64 E,,,,,,,,,38.009637,-84.1802384,95.848,9/19/23 0:00,1711,2,2,0,0,CLEAR,DRY,FALSE,SIDESWIPE COLLISION - SAME DIRECTION,SIDESWIPE-SAME DIRECTION,STRAIGHT & LEVEL,DAYLIGHT,,,9/20/23 17:12,FALSE,21073,Accepted
32212106,250100,WINCHESTER POLICE DEPARTMENT,Accepted,CLARK,I 0064,,I64 E,,,,,,,,,38.0067682,-84.19133842,95.214,9/19/23 0:00,923,2,2,0,0,CLEAR,DRY,FALSE,SIDESWIPE COLLISION - SAME DIRECTION,SIDESWIPE-SAME DIRECTION,STRAIGHT & LEVEL,DAYLIGHT,,,9/19/23 16:25,FALSE,15112,Accepted
32215334,240000,CHRISTIAN COUNTY SHERIFF OFFICE,Accepted,CHRISTIAN,KY0107,9570,GREENVILLE,RD,,,,,,,,36.96497542,-87.38869878,28.181,9/19/23 0:00,1511,2,2,0,0,CLEAR,DRY,FALSE,SIDESWIPE COLLISION - OPPOSITE DIRECTION,SIDESWIPE-OPPOSITE DIRECTION,STRAIGHT & LEVEL,DAYLIGHT,,,9/20/23 10:33,FALSE,650A,Accepted
32226974,370200,KY STATE POLICE CVE,Accepted,WHITLEY,I 0075,,I75 S,,,,,,,,,36.88311207,-84.15092995,21.89,9/18/23 0:00,1349,2,2,0,0,CLEAR,DRY,FALSE,SIDESWIPE COLLISION - SAME DIRECTION,SIDESWIPE-SAME DIRECTION,CURVE & GRADE,DAYLIGHT,,,9/22/23 14:49,FALSE,864,Accepted
32258934,340200,LEXINGTON POLICE DEPARTMENT,Accepted,FAYETTE,I 0075,,I75 N,,,,,,,,,38.09974448,-84.48547294,115.231,9/18/23 0:00,440,2,2,0,1,CLEAR,DRY,FALSE,SIDESWIPE COLLISION - SAME DIRECTION,SIDESWIPE-SAME DIRECTION,STRAIGHT & HILLCREST,DARK-HWY LIGHTED/ON,,,9/27/23 16:34,FALSE,44376,Accepted
32221167,410000,GRANT COUNTY SHERIFF DEPT.,Accepted,GRANT,I 0075,,I75 S,,,,,,,,,38.47330175,-84.580595,143.256,9/18/23 0:00,556,2,2,0,0,FOG,DRY,FALSE,SIDESWIPE COLLISION - SAME DIRECTION,SIDESWIPE-SAME DIRECTION,STRAIGHT & LEVEL,DARK-HWY LIGHTED/OFF,,,9/21/23 12:47,FALSE,916,Accepted
32226909,50000,BARREN COUNTY SHERIFF DEPT.,Accepted,BARREN,US0031E,,SCOTTSVILLE,RD,,,,,,,,36.95127829,-85.96587305,9.918,9/18/23 0:00,1336,2,2,0,0,CLEAR,DRY,FALSE,REAR END IN TRAFFIC LANES BOTH VEHICLES MOVING,REAR END,STRAIGHT & LEVEL,DAYLIGHT,,,9/22/23 14:39,FALSE,181,Accepted
32211639,80000,BOONE COUNTY SHERIFF DEPT.,Accepted,BOONE,I 0275,,I275 WB,,,,,,,,,39.06997217,-84.65143992,3.785,9/18/23 0:00,1659,2,2,0,0,CLEAR,DRY,FALSE,REAR END IN TRAFFIC LANES BOTH VEHICLES MOVING,REAR END,CURVE & LEVEL,DAYLIGHT,,,9/19/23 14:54,FALSE,3309,Accepted
32204459,KSP0800,KY STATE POLICE POST 08,Accepted,ROWAN,I 0064,,I64 W,,,,,,,,,38.27601556,-83.34885578,147.602,9/17/23 0:00,1309,2,2,0,0,CLEAR,DRY,FALSE,REAR END IN TRAFFIC LANES BOTH VEHICLES MOVING,REAR END,STRAIGHT & GRADE,DAYLIGHT,,,9/18/23 9:28,FALSE,363,Accepted
32204058,568000,LOUISVILLE METRO POLICE DEPT,Accepted,JEFFERSON,I 0265,,I265 E,,,,,I 0265,I265 E EXIT14 ON RAMP FROM  SMYRNA PKWY,I 0265,I265 E EXIT15 OFF RAMP TO KY864,38.1231114,-85.62041904,14.855,9/17/23 0:00,1208,2,2,0,0,CLEAR,DRY,FALSE,OTHER ROADWAY OR MID-BLOCK COLLISION,REAR END,STRAIGHT & LEVEL,DAYLIGHT,,,9/18/23 8:12,FALSE,7278,Accepted
32220447,568000,LOUISVILLE METRO POLICE DEPT,Accepted,JEFFERSON,I 0265,,I265 E,,,,,,,,,38.13520272,-85.59707458,16.413,9/17/23 0:00,309,2,2,1,1,CLEAR,DRY,FALSE,1 VEHICLE PARKED POSITION (NOT PARKING LOT/DRIVEWAY),REAR END,STRAIGHT & LEVEL,DARK-HWY NOT LIGHTED,,,9/21/23 9:56,FALSE,7772,Accepted
32282269,568000,LOUISVILLE METRO POLICE DEPT,Accepted,JEFFERSON,I 0265,,I265 E,,,,,,,,,38.13296554,-85.59976233,16.2,9/17/23 0:00,112,2,1,0,0,CLEAR,DRY,FALSE,1 VEHICLE PARKED POSITION (NOT PARKING LOT/DRIVEWAY),SIDESWIPE-SAME DIRECTION,STRAIGHT & LEVEL,DARK-HWY LIGHTED/OFF,,,10/3/23 9:39,FALSE,7827,Accepted
32210791,470000,HARDIN COUNTY SHERIFF DEPT.,Accepted,HARDIN,I 0065,,I65 S,,,,,,,,,37.80302106,-85.74852612,102.425,9/17/23 0:00,1422,2,2,0,0,CLEAR,DRY,FALSE,SIDESWIPE COLLISION - SAME DIRECTION,SIDESWIPE-SAME DIRECTION,STRAIGHT & LEVEL,DAYLIGHT,,,9/19/23 11:35,FALSE,954,Accepted
32241863,1050000,SCOTT COUNTY SHERIFF DEPT.,Accepted,SCOTT,I 0075,,I75 N,,,,,,,,,38.31507023,-84.5584818,131.898,9/17/23 0:00,738,2,2,0,0,CLEAR,DRY,TRUE,SIDESWIPE COLLISION - SAME DIRECTION,SIDESWIPE-SAME DIRECTION,STRAIGHT & LEVEL,DAYLIGHT,,,9/26/23 10:41,FALSE,208,Accepted
32207137,250000,CLARK COUNTY SHERIFF DEPT.,Accepted,CLARK,I 0064,97MM,I64 E,,,,,,,,,38.01428977,-84.16540213,96.722,9/16/23 0:00,142,2,2,0,0,CLEAR,DRY,FALSE,OTHER COLLISIONS ON SHOULDER,REAR TO REAR,STRAIGHT & LEVEL,DAYLIGHT,,,9/18/23 17:38,FALSE,608,Accepted
32198736,730100,PADUCAH POLICE DEPARTMENT,Accepted,MCCRACKEN,US0045,,US45,,,,,,,,,37.04513668,-88.65627989,7.479,9/16/23 0:00,759,1,1,0,0,CLEAR,DRY,FALSE,OTHER ROADWAY OR MID-BLOCK COLLISION,SINGLE VEHICLE,STRAIGHT & LEVEL,DAYLIGHT,,,9/16/23 13:50,FALSE,391,Accepted
32204000,568000,LOUISVILLE METRO POLICE DEPT,Accepted,JEFFERSON,I 0265,,I265 E,,,,,,,,,38.13701429,-85.59477711,16.589,9/16/23 0:00,1530,2,2,0,0,CLEAR,DRY,FALSE,OTHER ROADWAY OR MID-BLOCK COLLISION,REAR END,STRAIGHT & HILLCREST,DAYLIGHT,,,9/18/23 8:08,FALSE,5553,Accepted
32202256,340200,LEXINGTON POLICE DEPARTMENT,Accepted,FAYETTE,I 0075,,I75 S,,,,,I 0075,I75 S EXIT115 ON RAMP FROM  NEWTOWN PIKE,I 0075,I75 S EXIT113 OFF RAMP TO US27,38.08468388,-84.46257404,113.609,9/15/23 0:00,1457,2,2,0,0,CLEAR,DRY,FALSE,OTHER ROADWAY OR MID-BLOCK COLLISION,REAR END,STRAIGHT & LEVEL,DAYLIGHT,,,9/17/23 20:42,FALSE,56413,Accepted
32204701,220000,CARTER COUNTY SHERIFF DEPT.,Accepted,CARTER,I 0064,,I64 E,,,,,,,,,38.32311695,-83.13759111,160.347,9/15/23 0:00,1819,1,1,0,0,CLEAR,DRY,FALSE,OTHER ROADWAY OR MID-BLOCK COLLISION,SINGLE VEHICLE,STRAIGHT & HILLCREST,DAYLIGHT,,,9/18/23 10:03,FALSE,414,Accepted
32200972,KSP0500,KY STATE POLICE POST 05,Accepted,CARROLL,I 0071,,I71 S,,,,,,,,,38.6522294,-85.08954893,46.281,9/15/23 0:00,347,2,2,0,0,CLEAR,DRY,FALSE,SIDESWIPE COLLISION - SAME DIRECTION,SIDESWIPE-SAME DIRECTION,STRAIGHT & LEVEL,DARK-HWY NOT LIGHTED,,,9/17/23 8:54,FALSE,539,Accepted
32192509,150000,BULLITT COUNTY SHERIFF DEPT.,Accepted,BULLITT,I 0065,,I65 N,,,,,,,,,37.87306332,-85.70313582,108.034,9/14/23 0:00,1517,2,2,0,0,CLEAR,DRY,FALSE,SIDESWIPE COLLISION - SAME DIRECTION,SIDESWIPE-SAME DIRECTION,STRAIGHT & LEVEL,DAYLIGHT,,,9/14/23 21:21,FALSE,1300,Accepted
32191580,80000,BOONE COUNTY SHERIFF DEPT.,Accepted,BOONE,I 0275,,I275 W,,,I 0275,I275 W EXIT4A OFF RAMP TO KY212,,,,,39.07000437,-84.65158297,3.791,9/14/23 0:00,1217,2,2,0,0,CLEAR,DRY,FALSE,SIDESWIPE-SAME DIRECTION,SIDESWIPE-SAME DIRECTION,STRAIGHT & LEVEL,DAYLIGHT,,,9/14/23 16:35,FALSE,3761,Accepted
32193420,590300,ERLANGER POLICE DEPARTMENT,Accepted,KENTON,I 0075,,I75 S,,,I 0075,I75 S EXIT185 RAMP TO I275,,,,,39.039719,-84.58861378,185.383,9/14/23 0:00,2341,2,2,0,0,CLEAR,DRY,TRUE,SIDESWIPE-SAME DIRECTION,SIDESWIPE-SAME DIRECTION,STRAIGHT & LEVEL,DARK-HWY LIGHTED/ON,,,9/15/23 3:45,FALSE,162,Accepted
32194227,510100,HENDERSON POLICE DEPARTMENT,Accepted,HENDERSON,,,2ND,ST,,,US HWY 41,,,,,37.83073275,-87.56647307,,9/14/23 0:00,1540,2,2,0,0,CLEAR,DRY,FALSE,SIDESWIPE-SAME DIRECTION,SIDESWIPE-SAME DIRECTION,STRAIGHT & LEVEL,DAYLIGHT,,,9/15/23 9:03,FALSE,82,Accepted
32190101,KSP0500,KY STATE POLICE POST 05,Accepted,CARROLL,I 0071,,I71 S,,,,,,,,,38.65722005,-85.05108985,48.389,9/14/23 0:00,342,1,1,0,0,CLEAR,DRY,FALSE,OTHER ROADWAY OR MID-BLOCK COLLISION,SINGLE VEHICLE,STRAIGHT & LEVEL,DARK-HWY NOT LIGHTED,,,9/14/23 10:22,FALSE,539,Accepted
32192511,150000,BULLITT COUNTY SHERIFF DEPT.,Accepted,BULLITT,I 0065,108,I65 N,,,,,I 0065,I65 TURN AROUND109,I 0065,I65 TURN AROUND107,37.89067343,-85.69925152,109.272,9/14/23 0:00,1535,2,2,0,0,CLEAR,DRY,FALSE,OTHER ROADWAY OR MID-BLOCK COLLISION,REAR END,STRAIGHT & LEVEL,DAYLIGHT,,,9/14/23 21:21,FALSE,1229,Accepted
32193943,568000,LOUISVILLE METRO POLICE DEPT,Accepted,JEFFERSON,KY1450,,BLUE LICK,RD,,,WILLIAM G PENNY,,,,,38.13327344,-85.68527219,3.462,9/14/23 0:00,1552,2,2,0,0,CLEAR,DRY,FALSE,ANGLE COLLISION - OTHER,ANGLE,STRAIGHT & LEVEL,DAYLIGHT,,,9/15/23 7:36,FALSE,7100,Accepted
32193349,590300,ERLANGER POLICE DEPARTMENT,Accepted,KENTON,,,SUNSET,AVE,,,,,,,,39.01737536,-84.61614112,0.61,9/14/23 0:00,1015,2,2,0,0,CLEAR,DRY,FALSE,1 VEHICLE ENTERING/LEAVING ENTRANCE,ANGLE,STRAIGHT & LEVEL,DAYLIGHT,,,9/15/23 3:08,FALSE,180,Accepted
32194158,260100,MANCHESTER POLICE DEPARTMENT,Accepted,CLAY,US0421,,US421,,S,,,,,,,37.135829,-83.76059204,16.426,9/14/23 0:00,1432,2,2,0,0,CLEAR,DRY,FALSE,1 VEHICLE ENTERING/LEAVING ENTRANCE,ANGLE,STRAIGHT & HILLCREST,DAYLIGHT,,,9/15/23 8:28,FALSE,108,Accepted
32242522,640000,LAWRENCE COUNTY SHERIFF DEPT.,Accepted,LAWRENCE,US0023,,US23,,,,,,,,,38.07371057,-82.6302927,14.656,9/14/23 0:00,1211,2,2,0,0,CLEAR,DRY,FALSE,REAR END IN TRAFFIC LANES BOTH VEHICLES MOVING,REAR END,STRAIGHT & LEVEL,DAYLIGHT,,,9/26/23 13:11,FALSE,1231,Accepted
32191010,250000,CLARK COUNTY SHERIFF DEPT.,Accepted,CLARK,I 0064,,I64 W,,,,,,,,,38.03061395,-84.08815452,101.092,9/14/23 0:00,954,2,2,0,0,CLEAR,DRY,FALSE,REAR END IN TRAFFIC LANES BOTH VEHICLES MOVING,REAR END,STRAIGHT & LEVEL,DAYLIGHT,,,9/14/23 14:16,FALSE,626,Accepted
32196208,930400,OLDHAM COUNTY POLICE DEPT.,Accepted,OLDHAM,I 0071,,I71 S,,,,,,,,,38.34310431,-85.50061174,13.989,9/14/23 0:00,731,2,2,0,0,CLEAR,DRY,FALSE,REAR END IN TRAFFIC LANES BOTH VEHICLES MOVING,REAR END,STRAIGHT & LEVEL,DAYLIGHT,,,9/15/23 16:30,FALSE,3119,Accepted
32197199,250000,CLARK COUNTY SHERIFF DEPT.,Accepted,CLARK,I 0064,,I64 E,,,,,,,,,38.01263647,-84.17072975,96.41,9/14/23 0:00,1600,3,3,0,0,CLEAR,DRY,FALSE,REAR END IN TRAFFIC LANES BOTH VEHICLES MOVING,REAR END,STRAIGHT & LEVEL,DAYLIGHT,,,9/15/23 23:02,FALSE,623,Accepted
32209864,1070100,FRANKLIN POLICE DEPARTMENT,Accepted,SIMPSON,KY0383,501,MADISON,ST,W,,,,,,,36.72114314,-86.58485487,9.137,9/13/23 0:00,1223,2,2,0,0,CLEAR,DRY,TRUE,COLLISION IN PARKING LOT,BACKING,,DAYLIGHT,,,9/19/23 9:20,FALSE,925,Accepted
32220211,370000,FRANKLIN COUNTY SHERIFF,Accepted,FRANKLIN,I 0064,,I64 E,,,,,,,,,38.15334767,-84.93535905,50.81,9/13/23 0:00,913,1,1,0,0,CLEAR,DRY,FALSE,OTHER COLLISIONS ON SHOULDER,SINGLE VEHICLE,STRAIGHT & LEVEL,DARK (UNKNOWN ROADWAY LIGHTING),,,9/21/23 9:22,FALSE,1503,Accepted
32241566,1050000,SCOTT COUNTY SHERIFF DEPT.,Accepted,SCOTT,I 0075,,I75 S,,,,,,,,,38.28762141,-84.55890334,130.009,9/12/23 0:00,836,1,1,0,0,CLEAR,DRY,FALSE,COLLISION WITH NON-FIXED OBJECT ,SINGLE VEHICLE,STRAIGHT & LEVEL,DAYLIGHT,,,9/26/23 9:47,FALSE,233,Accepted
32184804,900100,BARDSTOWN POLICE DEPARTMENT,Accepted,NELSON,KY0245,,JOHN ROWAN,BLVD,,,,,,,,37.82373562,-85.45124019,2.785,9/12/23 0:00,1449,2,2,0,0,CLEAR,DRY,FALSE,SIDESWIPE COLLISION - SAME DIRECTION,SIDESWIPE-SAME DIRECTION,STRAIGHT & LEVEL,DAYLIGHT,,,9/13/23 8:31,FALSE,2915,Accepted