IncidentID,AgencyORI,AgencyName,IncidentStatusDesc,County,RdwyNumber,Street,RoadwayName,StreetSfx,StreetDir,IntersectionRdwy,IntersectionRdwyName,BetweenStRdwy1,BetweenStRdwyName1,BetweenStRdwy2,BetweenStRdwyName2,Latitude,Longitude,Milepoint,CollisionDate,CollisionTime,UnitsInvolved,MotorVehiclesInvolved,NumberKilled,NumberInjured,Weather,RdwyConditionCode,HitandRun,DirAnalysisCode,MannerofCollision,RdwyCharacter,LightCondition,RampFromRdwyId,RampToRdwyId,AcceptedDate,IsSecondaryCollision,OwnerBadge,IncidentStatus
32182519,590300,ERLANGER POLICE DEPARTMENT,Accepted,KENTON,I 0275,,I275 W,,,,,,,,,39.03802764,-84.6061888,0.425,9/12/23 0:00,703,2,2,0,0,RAINING,WET,FALSE,OTHER ROADWAY OR MID-BLOCK COLLISION,REAR END,STRAIGHT & GRADE,DAYLIGHT,,,9/12/23 18:03,FALSE,141,Accepted
32236441,980000,PIKE COUNTY SHERIFF DEPARTMENT,Accepted,PIKE,US0023,,US23,,,,,,,,,37.52606212,-82.57372746,29.181,9/12/23 0:00,2025,2,2,0,1,RAINING,WET,FALSE,OTHER ROADWAY OR MID-BLOCK COLLISION,REAR END,STRAIGHT & LEVEL,DARK-HWY NOT LIGHTED,,,9/25/23 9:32,FALSE,70,Accepted
32203574,150000,BULLITT COUNTY SHERIFF DEPT.,Accepted,BULLITT,I 0065,,,,,,,,,,,37.83150941,-85.7181897,0.359,9/12/23 0:00,650,2,2,0,0,CLEAR,DRY,FALSE,OTHER RAMP RELATED COLLISIONS NOT LISTED ABOVE,REAR END,STRAIGHT & LEVEL,DAYLIGHT,KY0061,I 0065,9/18/23 6:34,FALSE,1143,Accepted
32184856,980500,COAL RUN VILLAGE POLICE DEPT,Accepted,PIKE,US0023,,US23,,,,,,,,,37.53620432,-82.57945312,29.894,9/12/23 0:00,15,2,2,0,0,CLEAR,DRY,TRUE,REAR END IN TRAFFIC LANES BOTH VEHICLES MOVING,REAR END,STRAIGHT & LEVEL,DARK-HWY NOT LIGHTED,,,9/13/23 8:49,FALSE,5104,Accepted
32185608,80000,BOONE COUNTY SHERIFF DEPT.,Accepted,BOONE,,,RICHWOOD,RD,,KY0338,RICHWOOD,,,,,38.91970435,-84.62277752,0.078,9/11/23 0:00,2008,2,2,0,0,CLEAR,DRY,FALSE,ANGLE COLLISION - OTHER,ANGLE,STRAIGHT & LEVEL,DARK-HWY LIGHTED/OFF,,,9/13/23 11:43,FALSE,3765,Accepted
32188430,900000,NELSON COUNTY SHERIFF DEPT.,Accepted,NELSON,KY0052,,NELSONVILLE,RD,,,,,OLD NELSONVILLE,US0062,ELIZABETHTOWN,37.77637271,-85.68031954,0.019,9/11/23 0:00,1303,1,1,0,0,CLEAR,DRY,FALSE,COLLISION WITH FIXED OBJECT NON - INTERSECTION - FIRST EVENT COLLISION 09 - 32 EXCLUDING 16,SINGLE VEHICLE,STRAIGHT & LEVEL,DAYLIGHT,,,9/14/23 1:03,FALSE,54,Accepted
32172525,80000,BOONE COUNTY SHERIFF DEPT.,Accepted,BOONE,I 0275,,I275 E,,,,,,,,,39.08152484,-84.70205939,6.635,9/10/23 0:00,515,1,1,0,0,CLEAR,DRY,FALSE,OTHER ROADWAY OR MID-BLOCK COLLISION,SINGLE VEHICLE,CURVE & LEVEL,DARK-HWY LIGHTED/ON,,,9/10/23 22:23,FALSE,3738,Accepted
32174065,568000,LOUISVILLE METRO POLICE DEPT,Accepted,JEFFERSON,I 0071,,I71 NB,,,,,,,,,38.29552347,-85.62788596,6.217,9/10/23 0:00,415,1,1,0,0,CLOUDY,DRY,FALSE,OTHER COLLISIONS ON SHOULDER,SINGLE VEHICLE,STRAIGHT & LEVEL,DARK-HWY NOT LIGHTED,,,9/11/23 7:48,FALSE,5530,Accepted
32176774,150000,BULLITT COUNTY SHERIFF DEPT.,Accepted,BULLITT,I 0065,,I65 S,,,,,,,,,37.82651271,-85.72256974,104.572,9/10/23 0:00,1417,2,2,0,0,CLEAR,DRY,FALSE,SIDESWIPE COLLISION - SAME DIRECTION,SIDESWIPE-SAME DIRECTION,CURVE & HILLCREST,DAYLIGHT,,,9/11/23 15:58,FALSE,1033,Accepted
32213875,590500,KENTON COUNTY POLICE DEPT.,Accepted,KENTON,I 0075,167,I75 N,,,,,,,,,38.81186916,-84.60148145,167.693,9/10/23 0:00,1826,2,2,0,0,CLEAR,DRY,FALSE,OCCUPANT FELL FROM MOVING VEHICLE,SIDESWIPE-SAME DIRECTION,STRAIGHT & GRADE,DAYLIGHT,,,9/20/23 3:43,FALSE,135,Accepted
32177101,80000,BOONE COUNTY SHERIFF DEPT.,Accepted,BOONE,I 0275,,I275 E,,,,,,,,,39.07206986,-84.66228294,4.395,9/10/23 0:00,1028,2,2,0,2,CLEAR,DRY,FALSE,OTHER ROADWAY OR MID-BLOCK COLLISION,REAR END,STRAIGHT & LEVEL,DAYLIGHT,,,9/11/23 16:59,FALSE,3766,Accepted
32174053,568000,LOUISVILLE METRO POLICE DEPT,Accepted,JEFFERSON,I 0265,,I265 WB,,,I 0265,I265 WB EXIT17 ON RAMP FROM US31E,,,,,38.14206774,-85.57703505,17.581,9/9/23 0:00,1919,2,2,0,0,CLEAR,DRY,FALSE,OTHER INTERSECTION COLLISIONS,REAR END,STRAIGHT & LEVEL,DUSK,,,9/11/23 7:48,FALSE,7246,Accepted
32171419,80000,BOONE COUNTY SHERIFF DEPT.,Accepted,BOONE,I 0275,,I275 E,,,,,,,,,39.07699506,-84.68770473,5.801,9/9/23 0:00,853,1,1,0,0,CLEAR,DRY,FALSE,OTHER ROADWAY OR MID-BLOCK COLLISION,SINGLE VEHICLE,STRAIGHT & LEVEL,DAYLIGHT,,,9/10/23 13:56,FALSE,3739,Accepted
32167675,250100,WINCHESTER POLICE DEPARTMENT,Accepted,CLARK,I 0064,,I64 W,,,I 0064,I64 W EXIT96 ON RAMP FROM KY627 N,,,,,38.01195437,-84.17376297,96.222,9/8/23 0:00,612,2,2,0,0,CLEAR,DRY,FALSE,SIDESWIPE-SAME DIRECTION,SIDESWIPE-SAME DIRECTION,STRAIGHT & LEVEL,DARK (UNKNOWN ROADWAY LIGHTING),,,9/9/23 1:38,FALSE,8061,Accepted
32187938,1050000,SCOTT COUNTY SHERIFF DEPT.,Accepted,SCOTT,I 0075,,I75 N,,,,,,,,,38.28159752,-84.55841411,129.576,9/8/23 0:00,1645,2,2,0,0,CLEAR,DRY,FALSE,SIDESWIPE COLLISION - SAME DIRECTION,SIDESWIPE-SAME DIRECTION,STRAIGHT & LEVEL,DAYLIGHT,,,9/13/23 21:58,FALSE,230,Accepted
32173883,1200100,VERSAILLES POLICE DEPARTMENT,Accepted,WOODFORD,US0060,,LEXINGTON,RD,,,,KY1967,SHANNON RUN,KY1967,SHANNON RUN,38.04355871,-84.65067224,12.955,9/8/23 0:00,1446,3,3,0,0,CLOUDY,DRY,TRUE,REAR END IN TRAFFIC LANES BOTH VEHICLES MOVING,REAR END,STRAIGHT & GRADE,DAYLIGHT,,,9/11/23 7:03,FALSE,118,Accepted
33302773,230000,CASEY COUNTY SHERIFF DEPT.,Accepted,CASEY,KY0070,,KY70,,,,,,,,,37.28454012,-85.08349984,5.535,9/7/23 0:00,859,2,2,0,0,CLEAR,DRY,FALSE,REAR END IN TRAFFIC LANES BOTH VEHICLES MOVING,REAR END,CURVE & GRADE,DAYLIGHT,,,5/27/24 10:39,FALSE,1202,Accepted
32162415,250000,CLARK COUNTY SHERIFF DEPT.,Accepted,CLARK,I 0064,97,I64 E,,,,,,,,,38.01663577,-84.15770826,97.171,9/7/23 0:00,1606,2,2,0,0,CLOUDY,DRY,FALSE,REAR END IN TRAFFIC LANES BOTH VEHICLES MOVING,REAR END,STRAIGHT & LEVEL,DAYLIGHT,,,9/7/23 22:35,FALSE,623,Accepted
32164729,250100,WINCHESTER POLICE DEPARTMENT,Accepted,CLARK,I 0064,,,,,,,,,,,38.01203857,-84.17365372,0.147,9/7/23 0:00,541,2,2,0,0,CLEAR,DRY,FALSE,OTHER RAMP RELATED COLLISIONS NOT LISTED ABOVE,REAR END,CURVE & LEVEL,DARK-HWY LIGHTED/ON,KY0627,I 0064,9/8/23 10:27,FALSE,21071,Accepted
32164217,568000,LOUISVILLE METRO POLICE DEPT,Accepted,JEFFERSON,I 0265,,I265 S,,,,,,,,,38.22749753,-85.50532005,25.776,9/7/23 0:00,753,2,2,0,0,CLEAR,DRY,FALSE,SIDESWIPE COLLISION - SAME DIRECTION,SIDESWIPE-SAME DIRECTION,STRAIGHT & LEVEL,DAYLIGHT,,,9/8/23 8:25,FALSE,4903,Accepted
32162490,340200,LEXINGTON POLICE DEPARTMENT,Accepted,FAYETTE,I 0075,,I75 S,,,,,I 0075,I75 S EXIT113 ON RAMP FROM US27,I 0064,I75 S EXIT111 RAMP TO I64 E,38.07316473,-84.45346152,112.673,9/7/23 0:00,1149,1,1,0,0,CLEAR,DRY,FALSE,OTHER ROADWAY OR MID-BLOCK COLLISION,SINGLE VEHICLE,STRAIGHT & LEVEL,DAYLIGHT,,,9/7/23 23:00,FALSE,40593,Accepted
32160359,250000,CLARK COUNTY SHERIFF DEPT.,Accepted,CLARK,I 0064,,I64 E,,,,,,,,,38.00908012,-84.20250803,94.584,9/6/23 0:00,1126,1,1,0,0,CLEAR,DRY,FALSE,OTHER ROADWAY OR MID-BLOCK COLLISION,SINGLE VEHICLE,STRAIGHT & LEVEL,DAYLIGHT,,,9/7/23 13:54,FALSE,627,Accepted
32156386,250000,CLARK COUNTY SHERIFF DEPT.,Accepted,CLARK,I 0064,,I64 E,,,,,,,,,38.0304481,-84.08760162,101.129,9/5/23 0:00,1725,1,1,0,1,CLOUDY,DRY,FALSE,COLLISION WITH FIXED OBJECT NON - INTERSECTION - FIRST EVENT COLLISION 09 - 32 EXCLUDING 16,SINGLE VEHICLE,STRAIGHT & LEVEL,DAYLIGHT,,,9/6/23 16:40,FALSE,623,Accepted
32203110,970100,HAZARD POLICE DEPARTMENT,Accepted,PERRY,KY0015X,,BUSINESS KENTUCKY 15 NC,,N,,,,,,,37.26348024,-83.194887,1.699,9/5/23 0:00,1440,3,1,0,2,CLEAR,DRY,FALSE,OTHER ROADWAY OR MID-BLOCK COLLISION,REAR END,STRAIGHT & GRADE,DAYLIGHT,,,9/18/23 3:03,FALSE,412,Accepted
32140350,150200,LEBANON JUNCTION POLICE DEPT.,Accepted,BULLITT,I 0065,,I65 N,,,,,,,,,37.89805361,-85.69818301,109.798,9/5/23 0:00,1216,2,2,0,0,CLEAR,DRY,FALSE,REAR END IN TRAFFIC LANES BOTH VEHICLES MOVING,REAR END,STRAIGHT & GRADE,DAYLIGHT,,,9/5/23 13:54,FALSE,601,Accepted
32157800,KSP0400,KY STATE POLICE POST 04,Accepted,HARDIN,I 0065,,I65 N,,,,,,,,,37.79942272,-85.75063725,102.124,9/4/23 0:00,1351,2,2,0,0,CLEAR,DRY,FALSE,REAR END IN TRAFFIC LANES BOTH VEHICLES MOVING,REAR END,STRAIGHT & LEVEL,DAYLIGHT,,,9/7/23 0:10,FALSE,643,Accepted
32136121,470000,HARDIN COUNTY SHERIFF DEPT.,Accepted,HARDIN,I 0065,,I65 S,,,,,,,,,37.60781611,-85.86637179,86.501,9/3/23 0:00,2136,2,2,0,0,CLEAR,DRY,FALSE,SIDESWIPE COLLISION - SAME DIRECTION,SIDESWIPE-SAME DIRECTION,STRAIGHT & LEVEL,DARK-HWY NOT LIGHTED,,,9/4/23 19:50,FALSE,979,Accepted
32144687,150000,BULLITT COUNTY SHERIFF DEPT.,Accepted,BULLITT,I 0065,,I65 SB,,,,,I 0065,I65 SB EXIT105 ON RAMP FROM KY61,I 0065,I65 TURN AROUND104,37.82694838,-85.72212905,104.626,9/3/23 0:00,1330,2,2,0,0,CLOUDY,DRY,FALSE,SIDESWIPE COLLISION - SAME DIRECTION,SIDESWIPE-SAME DIRECTION,STRAIGHT & LEVEL,DAYLIGHT,,,9/6/23 10:29,FALSE,1250,Accepted
32132760,150000,BULLITT COUNTY SHERIFF DEPT.,Accepted,BULLITT,I 0065,,I65 N,,,,,,,,,37.82283264,-85.72763247,104.215,9/2/23 0:00,1527,2,2,0,0,CLEAR,DRY,FALSE,SIDESWIPE COLLISION - SAME DIRECTION,SIDESWIPE-SAME DIRECTION,STRAIGHT & LEVEL,DAYLIGHT,,,9/4/23 0:29,FALSE,1300,Accepted
32138460,60000,BATH COUNTY SHERIFF DEPARTMENT,Accepted,BATH,I 0064,,I64 E,,,,,,,,,38.15581283,-83.62729162,128.472,9/1/23 0:00,1447,2,2,0,0,CLEAR,DRY,FALSE,SIDESWIPE COLLISION - SAME DIRECTION,SIDESWIPE-SAME DIRECTION,STRAIGHT & LEVEL,DAYLIGHT,,,9/5/23 8:46,FALSE,269,Accepted
32132758,150000,BULLITT COUNTY SHERIFF DEPT.,Accepted,BULLITT,I 0065,,I65 N,,,,,,,,,37.87738694,-85.70232465,108.337,9/1/23 0:00,1654,2,2,0,0,CLEAR,DRY,TRUE,SIDESWIPE COLLISION - SAME DIRECTION,SIDESWIPE-SAME DIRECTION,STRAIGHT & LEVEL,DAYLIGHT,,,9/4/23 0:29,FALSE,1300,Accepted
32272044,150000,BULLITT COUNTY SHERIFF DEPT.,Accepted,BULLITT,I 0065,,I65 SB,,,,,I 0065,I65 TURN AROUND109,I 0065,I65 TURN AROUND107,37.87880305,-85.7024014,108.435,9/1/23 0:00,755,3,3,0,2,CLEAR,DRY,FALSE,SIDESWIPE COLLISION - SAME DIRECTION,SIDESWIPE-SAME DIRECTION,STRAIGHT & LEVEL,DAYLIGHT,,,9/30/23 20:18,FALSE,1312,Accepted
32374256,KSP0600,KY STATE POLICE POST 06,Accepted,GRANT,I 0075,,I75 N,,,,,,,,,38.79108467,-84.60455657,166.163,9/1/23 0:00,1055,2,2,0,0,CLEAR,DRY,FALSE,REAR END IN TRAFFIC LANES BOTH VEHICLES MOVING,REAR END,STRAIGHT & GRADE,DAYLIGHT,,,10/25/23 12:15,FALSE,688,Accepted
32134235,1180100,CORBIN POLICE DEPARTMENT,Accepted,WHITLEY,I 0075,,,,,,,,,,,36.91438448,-84.13075555,0.261,9/1/23 0:00,623,2,2,0,0,CLEAR,DRY,FALSE,OTHER RAMP RELATED COLLISIONS NOT LISTED ABOVE,ANGLE,STRAIGHT & LEVEL,DARK-HWY LIGHTED/ON,US25W,I 0075,9/4/23 7:56,FALSE,422,Accepted
32124559,80000,BOONE COUNTY SHERIFF DEPT.,Accepted,BOONE,I 0275,,I275 W,,,I 0275,I275 W EXIT4 ON RAMP FROM KY212,,,,,39.07189751,-84.6603278,4.275,8/31/23 0:00,1509,2,2,0,0,CLEAR,DRY,FALSE,OTHER INTERSECTION COLLISIONS,REAR END,STRAIGHT & LEVEL,DAYLIGHT,,,9/1/23 14:16,FALSE,3765,Accepted
32843048,430000,GRAYSON COUNTY SHERIFF DEPT.,Accepted,GRAYSON,KY0224,,MAIN,ST,E,,,,,,,37.49020096,-86.21123519,0.68,8/31/23 0:00,2026,2,2,0,1,CLEAR,DRY,FALSE,REAR END IN TRAFFIC LANES BOTH VEHICLES MOVING,REAR END,STRAIGHT & LEVEL,DARK-HWY LIGHTED/ON,,,2/12/24 12:10,FALSE,102,Accepted
32136501,KSP0400,KY STATE POLICE POST 04,Accepted,HARDIN,I 0065,,I65 N,,,,,,,,,37.58779941,-85.87034856,85.103,8/31/23 0:00,550,2,2,0,0,CLEAR,DRY,TRUE,REAR END IN TRAFFIC LANES BOTH VEHICLES MOVING,REAR END,STRAIGHT & LEVEL,DARK-HWY NOT LIGHTED,,,9/4/23 22:58,FALSE,900,Accepted
32121780,150000,BULLITT COUNTY SHERIFF DEPT.,Accepted,BULLITT,I 0065,,I65 S,,,,,,,,,37.90250759,-85.69585493,110.117,8/31/23 0:00,1827,2,2,0,0,CLEAR,DRY,FALSE,REAR END IN TRAFFIC LANES BOTH VEHICLES MOVING,REAR END,STRAIGHT & LEVEL,DAYLIGHT,,,9/1/23 0:42,FALSE,1170,Accepted
32160197,370000,FRANKLIN COUNTY SHERIFF,Accepted,FRANKLIN,I 0064,,I64 E,,,,,,,,,38.15341015,-84.93516796,50.821,8/31/23 0:00,1620,2,2,0,0,CLEAR,DRY,FALSE,SIDESWIPE COLLISION - SAME DIRECTION,SIDESWIPE-SAME DIRECTION,STRAIGHT & LEVEL,DAYLIGHT,,,9/7/23 13:02,FALSE,1536,Accepted
32121779,150000,BULLITT COUNTY SHERIFF DEPT.,Accepted,BULLITT,I 0065,,I65 S,,,,,,,,,37.8761025,-85.7030415,108.217,8/31/23 0:00,1749,1,1,0,0,CLEAR,DRY,FALSE,OTHER COLLISIONS ON SHOULDER,SINGLE VEHICLE,STRAIGHT & LEVEL,DAYLIGHT,,,9/1/23 0:42,FALSE,1170,Accepted
32118089,568000,LOUISVILLE METRO POLICE DEPT,Accepted,JEFFERSON,I 0265,,I265 NB,,,I 0265,I265 NB EXIT30 ON RAMP FROM KY146,,,,,38.28689436,-85.51858751,30.702,8/30/23 0:00,1942,1,1,0,0,CLEAR,DRY,FALSE,COLLISION WITH FIXED OBJECT NON - INTERSECTION - FIRST EVENT COLLISION 09 - 32 EXCLUDING 16,SINGLE VEHICLE,STRAIGHT & HILLCREST,DAYLIGHT,,,8/31/23 8:43,FALSE,5423,Accepted
32120849,KSP0100,KY STATE POLICE POST 01,Accepted,GRAVES,JC9003,,JC9003 N,,,,,,,,,36.69701126,-88.7159239,17.812,8/30/23 0:00,1400,1,1,0,0,CLEAR,DRY,TRUE,COLLISION WITH FIXED OBJECT NON - INTERSECTION - FIRST EVENT COLLISION 09 - 32 EXCLUDING 16,SINGLE VEHICLE,STRAIGHT & LEVEL,DAYLIGHT,,,8/31/23 18:55,FALSE,364,Accepted
32116187,570000,JESSAMINE COUNTY SHERIFF DEPT.,Accepted,JESSAMINE,KY1980,,ASHGROVE,RD,,,,US0027,LEXINGTON,,LEEBURTON,37.95157043,-84.54025319,3.265,8/30/23 0:00,750,2,2,0,0,CLEAR,DRY,FALSE,SIDESWIPE COLLISION - SAME DIRECTION,SIDESWIPE-SAME DIRECTION,STRAIGHT & LEVEL,DAYLIGHT,,,8/30/23 22:42,FALSE,792,Accepted
32113466,150000,BULLITT COUNTY SHERIFF DEPT.,Accepted,BULLITT,I 0065,,I65 NB,,,,,I 0065,I65 TURN AROUND107,I 0065,I65 TURN AROUND109,37.88817845,-85.69899892,109.099,8/30/23 0:00,848,2,2,0,0,CLEAR,DRY,TRUE,SIDESWIPE COLLISION - SAME DIRECTION,SIDESWIPE-SAME DIRECTION,STRAIGHT & LEVEL,DAYLIGHT,,,8/30/23 11:05,FALSE,1250,Accepted
32117585,80000,BOONE COUNTY SHERIFF DEPT.,Accepted,BOONE,I 0275,,I275 E,,,,,,,,,39.07295527,-84.66655793,4.632,8/29/23 0:00,1755,2,2,0,0,CLEAR,DRY,TRUE,SIDESWIPE COLLISION - SAME DIRECTION,SIDESWIPE-SAME DIRECTION,STRAIGHT & LEVEL,DAYLIGHT,,,8/31/23 6:45,FALSE,3765,Accepted
32112547,568000,LOUISVILLE METRO POLICE DEPT,Accepted,JEFFERSON,I 0265,,I265 N,,,,,,,,,38.24440015,-85.50342458,26.98,8/29/23 0:00,1350,2,2,0,0,CLEAR,DRY,FALSE,SIDESWIPE COLLISION - SAME DIRECTION,SIDESWIPE-SAME DIRECTION,STRAIGHT & GRADE,DAYLIGHT,,,8/30/23 8:40,FALSE,7316,Accepted
32112478,KSP1100,KY STATE POLICE POST 11,Accepted,WHITLEY,I 0075,,I75 S,,,,,,,,,36.63616521,-84.11789752,3.304,8/29/23 0:00,1700,1,1,0,0,RAINING,WET,FALSE,COLLISION WITH FIXED OBJECT NON - INTERSECTION - FIRST EVENT COLLISION 09 - 32 EXCLUDING 16,SINGLE VEHICLE,STRAIGHT & LEVEL,DAYLIGHT,,,8/30/23 8:26,FALSE,581,Accepted
32116617,150000,BULLITT COUNTY SHERIFF DEPT.,Accepted,BULLITT,I 0065,,I65 S,,,,,,,,,37.88141177,-85.70148781,108.622,8/29/23 0:00,1542,1,1,0,0,CLEAR,DRY,FALSE,RAN OFF ROADWAY (1 VEHICLE WITH/EARTH EMBANKMENT/DITCH),SINGLE VEHICLE,STRAIGHT & LEVEL,DAYLIGHT,,,8/31/23 0:23,FALSE,1284,Accepted
32110144,340200,LEXINGTON POLICE DEPARTMENT,Accepted,FAYETTE,,,AYLESFORD,PL,,KY1974,EUCLID,,,,,38.03651578,-84.49791419,0.179,8/29/23 0:00,1342,1,1,0,1,CLEAR,DRY,FALSE,OTHER INTERSECTION COLLISIONS,SINGLE VEHICLE,STRAIGHT & LEVEL,DAYLIGHT,,,8/29/23 18:29,FALSE,59791,Accepted
32119810,250000,CLARK COUNTY SHERIFF DEPT.,Accepted,CLARK,I 0064,,I64 E,,,,,,,,,38.00919554,-84.20284503,94.563,8/29/23 0:00,2115,5,5,0,5,CLOUDY,DRY,FALSE,OTHER ROADWAY OR MID-BLOCK COLLISION,REAR END,STRAIGHT & LEVEL,DARK-HWY LIGHTED/ON,,,8/31/23 15:26,FALSE,623,Accepted
32112677,240000,CHRISTIAN COUNTY SHERIFF OFFICE,Accepted,CHRISTIAN,EB9004,,,,,,,,,,,36.82006427,-87.48282001,0.304,8/29/23 0:00,726,2,2,0,0,CLEAR,DRY,FALSE,OTHER RAMP RELATED COLLISIONS NOT LISTED ABOVE,REAR END,STRAIGHT & GRADE,DAYLIGHT,EB9004,US0060,8/30/23 9:02,FALSE,626,Accepted
32113617,730100,PADUCAH POLICE DEPARTMENT,Accepted,MCCRACKEN,I 0024,,,,,,,,,,,37.05043663,-88.65154938,0.049,8/29/23 0:00,648,2,2,0,0,CLEAR,DRY,FALSE,OTHER RAMP RELATED COLLISIONS NOT LISTED ABOVE,HEAD ON,STRAIGHT & LEVEL,DAYLIGHT,US0045,I 0024,8/30/23 11:52,FALSE,391,Accepted
32112508,568000,LOUISVILLE METRO POLICE DEPT,Accepted,JEFFERSON,,,HIKES,LN,,,NOE,,,,,38.21066553,-85.64147128,2.158,8/28/23 0:00,1551,2,2,0,0,CLEAR,DRY,FALSE,ANGLE COLLISION - OTHER,ANGLE,STRAIGHT & LEVEL,DAYLIGHT,,,8/30/23 8:37,FALSE,4693,Accepted
32318979,250000,CLARK COUNTY SHERIFF DEPT.,Accepted,CLARK,I 0064,,I64 E,,,,,,,,,38.01559328,-84.16089183,96.983,8/28/23 0:00,1812,2,2,1,2,CLOUDY,DRY,FALSE,OTHER ROADWAY OR MID-BLOCK COLLISION,REAR END,STRAIGHT & LEVEL,DAYLIGHT,,,10/11/23 20:40,FALSE,623,Accepted
32190988,810000,MASON COUNTY SHERIFF,Accepted,MASON,KY0009,,AA,HWY,,,,,,,,38.5989077,-83.73440799,6.039,8/28/23 0:00,1250,4,4,0,0,CLEAR,DRY,FALSE,REAR END IN TRAFFIC LANES BOTH VEHICLES MOVING,REAR END,STRAIGHT & LEVEL,DAYLIGHT,,,9/14/23 14:12,FALSE,64,Accepted
32104111,340200,LEXINGTON POLICE DEPARTMENT,Accepted,FAYETTE,I 0075,,I75 S,,,,,I 0075,I75 S EXIT115 ON RAMP FROM  NEWTOWN PIKE,I 0075,I75 S EXIT113 OFF RAMP TO US27,38.08399626,-84.46179513,113.546,8/28/23 0:00,726,2,2,0,0,CLEAR,DRY,FALSE,1 VEHICLE ENTERING OR LEAVING PARKED POSITION (NOT PARKING LOT),SIDESWIPE-SAME DIRECTION,STRAIGHT & LEVEL,DAYLIGHT,,,8/28/23 15:42,FALSE,56481,Accepted
32176864,540100,MADISONVILLE POLICE DEPT.,Accepted,HOPKINS,,,ARCH,ST,W,,DEMPSEY,,,,,37.33024059,-87.50104177,0.123,8/28/23 0:00,1134,2,2,0,0,CLEAR,DRY,FALSE,OPPOSITE DIRECTION - BOTH VEHICLES GOING STRAIGHT AHEAD,SIDESWIPE-OPPOSITE DIRECTION,STRAIGHT & LEVEL,DAYLIGHT,,,9/11/23 16:10,FALSE,26,Accepted
32099937,340200,LEXINGTON POLICE DEPARTMENT,Accepted,FAYETTE,I 0075,,I75 NB,,,,,,,,,37.88445596,-84.33996496,97.742,8/27/23 0:00,1402,2,2,0,0,RAINING,WET,FALSE,REAR END IN TRAFFIC LANES BOTH VEHICLES MOVING,REAR END,STRAIGHT & LEVEL,DAYLIGHT,,,8/27/23 22:58,FALSE,56673,Accepted
32507434,1180100,CORBIN POLICE DEPARTMENT,Accepted,KNOX,US0025E,,US25E,,N,,,,,,,36.94747308,-84.05047103,24.198,8/27/23 0:00,1635,2,2,0,0,CLOUDY,DRY,TRUE,VEHICLE BACKING NON INTERSECTION,BACKING,STRAIGHT & LEVEL,DAYLIGHT,,,11/27/23 8:49,FALSE,414,Accepted
32127662,250100,WINCHESTER POLICE DEPARTMENT,Accepted,CLARK,I 0064,,I64 E,,,I 0064,I64 E EXIT96 OFF RAMP TO KY627,,,,,38.01086848,-84.17649138,96.074,8/26/23 0:00,1700,2,2,0,0,CLEAR,DRY,TRUE,OTHER INTERSECTION COLLISIONS,REAR END,STRAIGHT & LEVEL,DAYLIGHT,,,9/2/23 4:10,FALSE,21072,Accepted
32375134,150000,BULLITT COUNTY SHERIFF DEPT.,Accepted,BULLITT,I 0065,,I65 SB,,,,,I 0065,I65 TURN AROUND109,I 0065,I65 TURN AROUND107,37.86348689,-85.70653223,107.343,8/26/23 0:00,1115,2,2,0,2,CLEAR,DRY,FALSE,1 VEHICLE PARKED POSITION (NOT PARKING LOT/DRIVEWAY),SIDESWIPE-SAME DIRECTION,STRAIGHT & LEVEL,DAYLIGHT,,,10/25/23 15:29,FALSE,1143,Accepted
32101721,568000,LOUISVILLE METRO POLICE DEPT,Accepted,JEFFERSON,I 0265,,I265 S,,,,,I 0265,I265 S EXIT29 ON RAMP FROM KY3084,I 0265,I265 S EXIT27 OFF RAMP TO US60,38.26547907,-85.50161144,28.393,8/25/23 0:00,1616,2,2,0,0,CLEAR,DRY,FALSE,SIDESWIPE COLLISION - SAME DIRECTION,SIDESWIPE-SAME DIRECTION,STRAIGHT & LEVEL,DAYLIGHT,,,8/28/23 8:38,FALSE,2109,Accepted
33179074,430000,GRAYSON COUNTY SHERIFF DEPT.,Accepted,GRAYSON,,,WKY PKWY,,,,,,,,,37.49114756,-86.20324184,,8/25/23 0:00,1909,2,2,0,0,CLEAR,DRY,FALSE,SIDESWIPE COLLISION - SAME DIRECTION,SIDESWIPE-SAME DIRECTION,STRAIGHT & LEVEL,DAYLIGHT,,,4/30/24 15:03,FALSE,108,Accepted
32091088,340200,LEXINGTON POLICE DEPARTMENT,Accepted,FAYETTE,US0025,,VINE,ST,W,,,,,,,38.04601628,-84.49817915,13.931,8/25/23 0:00,531,1,1,0,0,CLEAR,DRY,FALSE,OTHER ROADWAY OR MID-BLOCK COLLISION,SINGLE VEHICLE,CURVE & LEVEL,DARK-HWY LIGHTED/ON,,,8/25/23 7:18,FALSE,58889,Accepted
32091244,930400,OLDHAM COUNTY POLICE DEPT.,Accepted,OLDHAM,I 0071,,I71 N,,,,,,,,,38.38847752,-85.39548663,20.424,8/24/23 0:00,1418,2,2,0,0,CLOUDY,DRY,FALSE,SIDESWIPE COLLISION - SAME DIRECTION,SIDESWIPE-SAME DIRECTION,STRAIGHT & LEVEL,DAYLIGHT,,,8/25/23 7:51,FALSE,3072,Accepted