IncidentID,AgencyORI,AgencyName,IncidentStatusDesc,County,RdwyNumber,Street,RoadwayName,StreetSfx,StreetDir,IntersectionRdwy,IntersectionRdwyName,BetweenStRdwy1,BetweenStRdwyName1,BetweenStRdwy2,BetweenStRdwyName2,Latitude,Longitude,Milepoint,CollisionDate,CollisionTime,UnitsInvolved,MotorVehiclesInvolved,NumberKilled,NumberInjured,Weather,RdwyConditionCode,HitandRun,DirAnalysisCode,MannerofCollision,RdwyCharacter,LightCondition,RampFromRdwyId,RampToRdwyId,AcceptedDate,IsSecondaryCollision,OwnerBadge,IncidentStatus
32527221,540100,MADISONVILLE POLICE DEPT.,Accepted,HOPKINS,,,SEMINARY,ST,N,,ARCH,,,,,37.33035692,-87.50195832,0.115,8/24/23 0:00,1435,2,2,0,0,CLEAR,DRY,FALSE,ANGLE COLLISION - OTHER,ANGLE,STRAIGHT & LEVEL,DAYLIGHT,,,12/1/23 6:28,FALSE,66,Accepted
32099964,80200,FLORENCE POLICE DEPARTMENT,Accepted,BOONE,KY1017,,TURFWAY,RD,,,STEEPLE CHASE,,,,,39.01475485,-84.63234887,3.014,8/24/23 0:00,2314,2,2,0,0,CLEAR,DRY,FALSE,ANGLE COLLISION - OTHER,ANGLE,STRAIGHT & LEVEL,DARK-HWY LIGHTED/ON,,,8/27/23 23:11,FALSE,48,Accepted
32089061,150200,LEBANON JUNCTION POLICE DEPT.,Accepted,BULLITT,I 0065,,I65 S,,,,,,,,,37.8396198,-85.71668057,105.556,8/24/23 0:00,1600,3,3,0,0,CLEAR,DRY,FALSE,REAR END IN TRAFFIC LANES BOTH VEHICLES MOVING,REAR END,STRAIGHT & LEVEL,DAYLIGHT,,,8/24/23 17:43,FALSE,601,Accepted
32091637,1180100,CORBIN POLICE DEPARTMENT,Accepted,KNOX,,,US 25 E,,,,,,,,,36.94870003,-84.05561861,,8/24/23 0:00,1605,2,2,0,0,CLEAR,DRY,FALSE,REAR END IN TRAFFIC LANES BOTH VEHICLES MOVING,REAR END,STRAIGHT & GRADE,DAYLIGHT,,,8/25/23 9:53,FALSE,414,Accepted
32094795,80200,FLORENCE POLICE DEPARTMENT,Accepted,BOONE,KY1017,,TURFWAY,RD,,,,,,,,39.01616657,-84.63381005,2.888,8/23/23 0:00,2028,2,2,0,0,CLEAR,DRY,FALSE,VEHICLE BACKING NON INTERSECTION,BACKING,STRAIGHT & LEVEL,DUSK,,,8/26/23 1:59,FALSE,46,Accepted
32084299,340200,LEXINGTON POLICE DEPARTMENT,Accepted,FAYETTE,I 0075,,I75 S,,,,,I 0075,I75 S EXIT118 TRANSIT FROM I64 E,I 0075,I75 S EXIT115 OFF RAMP TO  NEWTOWN PIKE,38.10407442,-84.49460935,115.818,8/23/23 0:00,802,4,4,0,0,CLEAR,DRY,FALSE,OTHER ROADWAY OR MID-BLOCK COLLISION,REAR END,STRAIGHT & LEVEL,DAYLIGHT,,,8/23/23 17:07,FALSE,56481,Accepted
32093889,510100,HENDERSON POLICE DEPARTMENT,Accepted,HENDERSON,,,US HWY 41,,,,,,,,,37.82482762,-87.56506433,,8/23/23 0:00,1215,2,2,0,0,CLEAR,DRY,FALSE,SIDESWIPE COLLISION - SAME DIRECTION,SIDESWIPE-SAME DIRECTION,CURVE & LEVEL,DAYLIGHT,,,8/25/23 19:14,FALSE,82,Accepted
32084486,150200,LEBANON JUNCTION POLICE DEPT.,Accepted,BULLITT,I 0065,,I65 N,,,,,,,,,37.82675041,-85.72182949,104.632,8/23/23 0:00,1624,2,2,0,0,CLEAR,DRY,FALSE,SIDESWIPE COLLISION - SAME DIRECTION,SIDESWIPE-SAME DIRECTION,STRAIGHT & LEVEL,DAYLIGHT,,,8/23/23 17:57,FALSE,601,Accepted
32088547,70100,MIDDLESBORO POLICE DEPARTMENT,Accepted,BELL,US0025E,,12TH,ST,N,,,,,,,36.61051491,-83.70219502,1.862,8/23/23 0:00,1909,2,2,0,0,CLEAR,DRY,FALSE,COLLISION IN PARKING LOT,SIDESWIPE-SAME DIRECTION,STRAIGHT & LEVEL,DAYLIGHT,,,8/24/23 16:00,FALSE,592,Accepted
32084257,340200,LEXINGTON POLICE DEPARTMENT,Accepted,FAYETTE,KY0922,,NEWTOWN,PIKE,,,,,COLEMAN,I 0075,I75 S EXIT115 ON RAMP FROM  NEWTOWN PIKE,38.09712227,-84.48600822,3.522,8/23/23 0:00,1205,1,1,0,0,CLEAR,DRY,FALSE,OTHER ROADWAY OR MID-BLOCK COLLISION,SINGLE VEHICLE,STRAIGHT & LEVEL,DAYLIGHT,,,8/23/23 17:02,FALSE,56412,Accepted
32090246,80200,FLORENCE POLICE DEPARTMENT,Accepted,BOONE,US0042,,US42,,,,OLD TOLL,,,,,38.97591186,-84.65918339,12.809,8/22/23 0:00,2329,2,2,0,0,CLEAR,DRY,FALSE,SIDESWIPE-SAME DIRECTION,SIDESWIPE-SAME DIRECTION,STRAIGHT & LEVEL,DARK-HWY NOT LIGHTED,,,8/25/23 1:04,FALSE,40,Accepted
32082526,568000,LOUISVILLE METRO POLICE DEPT,Accepted,JEFFERSON,KY0022,,BROWNSBORO,RD,,,SPRINGCREST,,,,,38.29245661,-85.61026178,1.587,8/22/23 0:00,1450,2,2,0,0,CLEAR,DRY,FALSE,SIDESWIPE-SAME DIRECTION,SIDESWIPE-SAME DIRECTION,STRAIGHT & GRADE,DAYLIGHT,,,8/23/23 10:44,FALSE,7316,Accepted
32082570,568000,LOUISVILLE METRO POLICE DEPT,Accepted,JEFFERSON,,,HIKES,LN,,,GLEN OAK,,,,,38.20477463,-85.65073161,1.502,8/22/23 0:00,1549,2,2,0,0,CLEAR,DRY,FALSE,SIDESWIPE-SAME DIRECTION,SIDESWIPE-SAME DIRECTION,STRAIGHT & LEVEL,DAYLIGHT,,,8/23/23 10:48,FALSE,5233,Accepted
32101675,568000,LOUISVILLE METRO POLICE DEPT,Accepted,JEFFERSON,US0150,,22ND,ST,N,,DUNCAN,,,,,38.26254482,-85.78589046,0.555,8/21/23 0:00,1000,3,3,0,0,CLEAR,DRY,FALSE,SIDESWIPE-SAME DIRECTION,SIDESWIPE-SAME DIRECTION,STRAIGHT & LEVEL,DAYLIGHT,,,8/28/23 8:35,FALSE,5408,Accepted
32079330,250000,CLARK COUNTY SHERIFF DEPT.,Accepted,CLARK,I 0064,,I64 E,,,,,,,,,38.01669427,-84.1570692,97.204,8/21/23 0:00,1559,2,2,0,0,CLEAR,DRY,FALSE,REAR END IN TRAFFIC LANES BOTH VEHICLES MOVING,REAR END,STRAIGHT & LEVEL,DAYLIGHT,,,8/22/23 16:45,FALSE,626,Accepted
32086885,240000,CHRISTIAN COUNTY SHERIFF OFFICE,Accepted,CHRISTIAN,I 0024,,I24 W,,,,,,,,,36.6550986,-87.36643788,91.592,8/21/23 0:00,822,2,2,0,0,CLEAR,DRY,FALSE,REAR END IN TRAFFIC LANES BOTH VEHICLES MOVING,REAR END,STRAIGHT & GRADE,DAYLIGHT,,,8/24/23 8:42,FALSE,626,Accepted
32086886,240000,CHRISTIAN COUNTY SHERIFF OFFICE,Accepted,CHRISTIAN,I 0024,,I24 W,,,,,,,,,36.64233337,-87.34009438,93.323,8/21/23 0:00,1055,2,2,0,0,CLEAR,DRY,FALSE,REAR END IN TRAFFIC LANES BOTH VEHICLES MOVING,REAR END,STRAIGHT & LEVEL,DAYLIGHT,,,8/24/23 8:43,FALSE,626,Accepted
32070299,150000,BULLITT COUNTY SHERIFF DEPT.,Accepted,BULLITT,I 0065,,I65 S,,,,,,,,,37.86245988,-85.70679328,107.244,8/20/23 0:00,1747,2,2,0,0,CLEAR,DRY,FALSE,REAR END IN TRAFFIC LANES BOTH VEHICLES MOVING,REAR END,STRAIGHT & LEVEL,DAYLIGHT,,,8/21/23 1:52,FALSE,1300,Accepted
32070899,150000,BULLITT COUNTY SHERIFF DEPT.,Accepted,BULLITT,I 0065,,I65 NB,,,,,I 0065,I65 NB EXIT112 OFF RAMP TO KY245,I 0065,I65 TURN AROUND109,37.90414247,-85.69364665,110.285,8/20/23 0:00,1415,2,2,0,0,CLEAR,DRY,FALSE,REAR END IN TRAFFIC LANES BOTH VEHICLES MOVING,REAR END,STRAIGHT & LEVEL,DAYLIGHT,,,8/21/23 5:59,FALSE,1250,Accepted
32074980,190200,CAMPBELL COUNTY POLICE DEPT.,Accepted,CAMPBELL,I 0471,,I471 N,,,I 0275,I275 W EXIT74B RAMP TO I471 N,,,,,39.04811426,-84.45922923,0.138,8/20/23 0:00,1549,3,3,0,1,CLEAR,DRY,FALSE,OTHER INTERSECTION COLLISIONS,REAR END,STRAIGHT & LEVEL,DAYLIGHT,,,8/21/23 20:49,FALSE,38,Accepted
32071872,900100,BARDSTOWN POLICE DEPARTMENT,Accepted,NELSON,,,5TH,ST,N,US0031E,STEPHEN FOSTER,,,,,37.80979739,-85.47027025,,8/20/23 0:00,1220,3,3,0,0,CLEAR,DRY,FALSE,ANGLE COLLISION - OTHER,ANGLE,STRAIGHT & LEVEL,DAYLIGHT,,,8/21/23 9:15,FALSE,2913,Accepted
32081505,150000,BULLITT COUNTY SHERIFF DEPT.,Accepted,BULLITT,I 0065,,I65 S,,,,,,,,,37.82755829,-85.72149282,104.682,8/20/23 0:00,1039,2,2,0,0,CLEAR,DRY,FALSE,SIDESWIPE COLLISION - SAME DIRECTION,SIDESWIPE-SAME DIRECTION,STRAIGHT & LEVEL,DAYLIGHT,,,8/23/23 5:37,FALSE,1232,Accepted
32067076,150000,BULLITT COUNTY SHERIFF DEPT.,Accepted,BULLITT,I 0065,,I65 S,,,,,,,,,37.82514709,-85.72433585,104.438,8/19/23 0:00,1652,2,2,0,0,CLEAR,DRY,FALSE,SIDESWIPE COLLISION - OPPOSITE DIRECTION,SIDESWIPE-OPPOSITE DIRECTION,STRAIGHT & LEVEL,DAYLIGHT,,,8/20/23 0:32,FALSE,1300,Accepted
32086456,190200,CAMPBELL COUNTY POLICE DEPT.,Accepted,CAMPBELL,I 0275,,,,,,,,,,,39.04867938,-84.45994678,0.207,8/19/23 0:00,1009,3,3,0,2,CLEAR,DRY,FALSE,OTHER RAMP RELATED COLLISIONS NOT LISTED ABOVE,REAR END,CURVE & GRADE,DAYLIGHT,I 0275,I 0471,8/24/23 6:46,FALSE,19,Accepted
32066240,340200,LEXINGTON POLICE DEPARTMENT,Accepted,FAYETTE,I 0075,,I75 NB,,,,,,,,,37.9371865,-84.3782315,102.004,8/19/23 0:00,1352,2,2,0,0,CLEAR,DRY,FALSE,REAR END IN TRAFFIC LANES BOTH VEHICLES MOVING,REAR END,STRAIGHT & GRADE,DAYLIGHT,,,8/19/23 18:11,FALSE,56673,Accepted
32064079,340200,LEXINGTON POLICE DEPARTMENT,Accepted,FAYETTE,I 0075,,I75 SB,,,,,I 0075,I75 SB EXIT108 ON RAMP FROMMAN O WAR BLVD,I 0075,I75 SB EXIT104 OFF RAMP TO KY418,37.99237765,-84.39525679,106.002,8/18/23 0:00,1710,2,2,0,0,CLEAR,DRY,FALSE,REAR END IN TRAFFIC LANES BOTH VEHICLES MOVING,REAR END,STRAIGHT & LEVEL,DAYLIGHT,,,8/18/23 22:27,FALSE,46620,Accepted
32064193,340200,LEXINGTON POLICE DEPARTMENT,Accepted,FAYETTE,,,I75 S,,,,,,,,,37.89772749,-84.35515648,99,8/18/23 0:00,1632,2,2,0,0,CLEAR,DRY,FALSE,REAR END IN TRAFFIC LANES BOTH VEHICLES MOVING,REAR END,STRAIGHT & LEVEL,DAYLIGHT,,,8/18/23 23:08,FALSE,58535,Accepted
32086919,340200,LEXINGTON POLICE DEPARTMENT,Accepted,FAYETTE,I 0075,,I75 SB,,,,,,,,,38.04476399,-84.4205421,109.932,8/18/23 0:00,1700,2,2,0,0,CLEAR,DRY,FALSE,REAR END IN TRAFFIC LANES BOTH VEHICLES MOVING,REAR END,STRAIGHT & LEVEL,DAYLIGHT,,,8/24/23 8:50,FALSE,57487,Accepted
32071357,568000,LOUISVILLE METRO POLICE DEPT,Accepted,JEFFERSON,,,HIKES,LN,,,DOWNING,,,,,38.20261864,-85.65423022,1.263,8/18/23 0:00,1116,2,2,0,1,CLEAR,DRY,FALSE,ANGLE COLLISION - OTHER,ANGLE,STRAIGHT & LEVEL,DAYLIGHT,,,8/21/23 7:44,FALSE,4693,Accepted
32071376,568000,LOUISVILLE METRO POLICE DEPT,Accepted,JEFFERSON,KY1934,4831,CANE RUN,RD,,,,,ROCKAWAY,,BRIDWELL,38.18178943,-85.85719116,7.547,8/18/23 0:00,2133,2,2,0,1,CLEAR,DRY,FALSE,1 VEHICLE PARKED POSITION (NOT PARKING LOT/DRIVEWAY),ANGLE,STRAIGHT & LEVEL,DARK-HWY LIGHTED/ON,,,8/21/23 7:46,FALSE,5424,Accepted
32091392,970100,HAZARD POLICE DEPARTMENT,Accepted,PERRY,,,DAWAHARE,DR,,,,,,,,37.27720561,-83.2353531,0.108,8/18/23 0:00,1715,1,1,0,0,CLOUDY,DRY,FALSE,COLLISION WITH FIXED OBJECT NON - INTERSECTION - FIRST EVENT COLLISION 09 - 32 EXCLUDING 16,SINGLE VEHICLE,STRAIGHT & LEVEL,DAYLIGHT,,,8/25/23 8:46,FALSE,409,Accepted
32064464,340200,LEXINGTON POLICE DEPARTMENT,Accepted,FAYETTE,I 0075,,I75 N,,,,,I 0075,I75 N EXIT99 ON RAMP FROM US25,I 0075,I75 N EXIT104 OFF RAMP TO KY418,37.93769682,-84.37849426,102.042,8/18/23 0:00,1434,1,1,0,3,CLEAR,DRY,FALSE,COLLISION WITH FIXED OBJECT NON - INTERSECTION - FIRST EVENT COLLISION 09 - 32 EXCLUDING 16,SINGLE VEHICLE,STRAIGHT & LEVEL,DAYLIGHT,,,8/19/23 0:51,FALSE,30541,Accepted
32071310,568000,LOUISVILLE METRO POLICE DEPT,Accepted,JEFFERSON,I 0265,,I265 N,,,,,,,,,38.29676575,-85.54707654,32.439,8/18/23 0:00,629,1,1,0,0,CLEAR,DRY,FALSE,COLLISION WITH FIXED OBJECT NON - INTERSECTION - FIRST EVENT COLLISION 09 - 32 EXCLUDING 16,SINGLE VEHICLE,STRAIGHT & LEVEL,DAYLIGHT,,,8/21/23 7:40,FALSE,4903,Accepted
32088220,150300,MT. WASHINGTON POLICE DEPT.,Accepted,BULLITT,,200,SPRING PLACE,DR,,,,,,,,38.04252684,-85.53599477,,8/18/23 0:00,1250,1,1,0,0,CLEAR,DRY,TRUE,1 VEHICLE PARKED POSITION (NOT PARKING LOT/DRIVEWAY),SINGLE VEHICLE,STRAIGHT & LEVEL,DAYLIGHT,,,8/24/23 14:48,FALSE,7732,Accepted
32058950,KSP0300,KY STATE POLICE POST 03,Accepted,BARREN,I 0065,,,,,,,,,,,37.0989712,-86.05406534,0.217,8/17/23 0:00,219,1,1,0,0,CLEAR,DRY,FALSE,OTHER RAMP RELATED COLLISIONS NOT LISTED ABOVE,SINGLE VEHICLE,STRAIGHT & GRADE,DARK-HWY LIGHTED/ON,I 0065,KY0255,8/17/23 17:49,FALSE,367,Accepted
32058153,150200,LEBANON JUNCTION POLICE DEPT.,Accepted,BULLITT,I 0065,,I65 S,,,,,,,,,37.82754461,-85.7214385,104.665,8/17/23 0:00,800,1,1,0,0,CLEAR,DRY,TRUE,OTHER ROADWAY OR MID-BLOCK COLLISION,SINGLE VEHICLE,STRAIGHT & LEVEL,DAYLIGHT,,,8/17/23 14:43,FALSE,601,Accepted
32056597,568000,LOUISVILLE METRO POLICE DEPT,Accepted,JEFFERSON,KY1931,3500,7TH STREET,RD,,,,,,,,38.20033009,-85.79525804,8.83,8/17/23 0:00,55,1,1,0,0,CLEAR,DRY,FALSE,OTHER ROADWAY OR MID-BLOCK COLLISION,SINGLE VEHICLE,STRAIGHT & LEVEL,DARK-HWY LIGHTED/ON,,,8/17/23 8:34,FALSE,7769,Accepted
32059975,150000,BULLITT COUNTY SHERIFF DEPT.,Accepted,BULLITT,I 0065,109,I65 N,,,,,I 0065,I65 N EXIT112 OFF RAMP TO KY245,I 0065,I65 TURN AROUND109,37.89818286,-85.69800236,109.809,8/17/23 0:00,1440,2,2,0,0,CLOUDY,DRY,FALSE,SIDESWIPE COLLISION - SAME DIRECTION,SIDESWIPE-SAME DIRECTION,CURVE & LEVEL,DAYLIGHT,,,8/18/23 0:27,FALSE,1229,Accepted
32061162,568000,LOUISVILLE METRO POLICE DEPT,Accepted,JEFFERSON,,,TRADE PORT,DR,,,FREEPORT,,,,,38.12306143,-85.88520406,0.856,8/17/23 0:00,910,2,2,0,0,CLEAR,DRY,FALSE,OTHER INTERSECTION COLLISIONS,REAR END,STRAIGHT & LEVEL,DAYLIGHT,,,8/18/23 7:26,FALSE,5100,Accepted
32058323,150200,LEBANON JUNCTION POLICE DEPT.,Accepted,BULLITT,I 0065,,I65 S,,,,,,,,,37.91352851,-85.68799757,110.984,8/17/23 0:00,1300,3,3,0,0,CLEAR,DRY,FALSE,REAR END IN TRAFFIC LANES BOTH VEHICLES MOVING,REAR END,STRAIGHT & LEVEL,DAYLIGHT,,,8/17/23 15:23,FALSE,601,Accepted
32059990,150000,BULLITT COUNTY SHERIFF DEPT.,Accepted,BULLITT,I 0065,,I65 S,,,,,,,,,37.91950385,-85.68790506,111.399,8/17/23 0:00,1453,3,3,0,0,CLEAR,DRY,FALSE,REAR END IN TRAFFIC LANES BOTH VEHICLES MOVING,REAR END,STRAIGHT & LEVEL,DAYLIGHT,,,8/18/23 0:29,FALSE,1170,Accepted
32056574,568000,LOUISVILLE METRO POLICE DEPT,Accepted,JEFFERSON,,,HIKES,LN,,,DOWNING,,,,,38.20262301,-85.65428611,1.265,8/16/23 0:00,1202,2,2,0,0,CLEAR,DRY,FALSE,ANGLE COLLISION - OTHER,ANGLE,STRAIGHT & LEVEL,DAYLIGHT,,,8/17/23 8:32,FALSE,4693,Accepted
32078930,590500,KENTON COUNTY POLICE DEPT.,Accepted,KENTON,I 0075,,I75 N,,,,,,,,,38.82502289,-84.59975166,168.586,8/16/23 0:00,1530,1,1,0,0,CLEAR,DRY,FALSE,COLLISION WITH FIXED OBJECT NON - INTERSECTION - FIRST EVENT COLLISION 09 - 32 EXCLUDING 16,SINGLE VEHICLE,STRAIGHT & LEVEL,DAYLIGHT,,,8/22/23 15:40,FALSE,108,Accepted
32051645,420000,GRAVES COUNTY SHERIFF DEPT.,Accepted,GRAVES,JC9003,,JC9003 NB,,,,,,,,,36.69715774,-88.71580678,17.824,8/15/23 0:00,610,1,1,0,1,CLEAR,DRY,FALSE,COLLISION WITH FIXED OBJECT NON - INTERSECTION - FIRST EVENT COLLISION 09 - 32 EXCLUDING 16,SINGLE VEHICLE,STRAIGHT & LEVEL,DAYLIGHT,,,8/16/23 9:38,FALSE,8,Accepted
32072042,KSP1300,KY STATE POLICE POST 13,Accepted,KNOTT,KY0160,,KY160,,S,,,,,,,37.31951249,-82.95774249,8.835,8/15/23 0:00,1730,1,1,0,1,CLEAR,DRY,FALSE,RAN OFF ROADWAY (1 VEHICLE WITH/EARTH EMBANKMENT/DITCH),SINGLE VEHICLE,CURVE & LEVEL,DAYLIGHT,,,8/21/23 9:41,FALSE,275,Accepted
32051144,568000,LOUISVILLE METRO POLICE DEPT,Accepted,JEFFERSON,I 0064,,I64 WB,,,,,,,,,38.27704961,-85.79710296,1.683,8/15/23 0:00,1641,2,2,0,0,CLEAR,DRY,FALSE,SIDESWIPE COLLISION - SAME DIRECTION,SIDESWIPE-SAME DIRECTION,CURVE & LEVEL,DAYLIGHT,,,8/16/23 7:37,FALSE,5282,Accepted
32050369,340200,LEXINGTON POLICE DEPARTMENT,Accepted,FAYETTE,I 0075,,I75 N,,,,,,,,,37.94288094,-84.38155852,102.438,8/15/23 0:00,2133,2,2,0,0,RAINING,WET,FALSE,OTHER ROADWAY OR MID-BLOCK COLLISION,REAR END,STRAIGHT & LEVEL,DARK-HWY NOT LIGHTED,,,8/16/23 1:44,FALSE,56659,Accepted
32071293,568000,LOUISVILLE METRO POLICE DEPT,Accepted,JEFFERSON,I 0265,,,,,I 0265,I265 NB,,,,,38.27361408,-85.50039436,0.268,8/15/23 0:00,1708,2,2,0,0,CLOUDY,DRY,FALSE,OTHER INTERSECTION COLLISIONS,REAR END,STRAIGHT & LEVEL,DAYLIGHT,,,8/21/23 7:40,FALSE,7751,Accepted
32071657,240000,CHRISTIAN COUNTY SHERIFF OFFICE,Accepted,CHRISTIAN,I 0024,,I24 W,,,,,,,,,36.64753293,-87.34827318,92.733,8/15/23 0:00,1500,2,2,0,0,CLEAR,DRY,FALSE,REAR END IN TRAFFIC LANES BOTH VEHICLES MOVING,REAR END,STRAIGHT & LEVEL,DAYLIGHT,,,8/21/23 8:28,FALSE,649,Accepted
32051143,568000,LOUISVILLE METRO POLICE DEPT,Accepted,JEFFERSON,I 0064,,I64 EB,,,,,,,,,38.27861462,-85.82208256,0.16,8/15/23 0:00,727,2,2,0,0,CLEAR,DRY,FALSE,REAR END IN TRAFFIC LANES BOTH VEHICLES MOVING,REAR END,STRAIGHT & LEVEL,DAYLIGHT,,,8/16/23 7:37,FALSE,5282,Accepted
32047293,150200,LEBANON JUNCTION POLICE DEPT.,Accepted,BULLITT,I 0065,,I65 S,,,,,,,,,37.82737254,-85.72166167,104.648,8/15/23 0:00,1055,2,2,0,0,CLEAR,DRY,FALSE,REAR END IN TRAFFIC LANES BOTH VEHICLES MOVING,REAR END,STRAIGHT & LEVEL,DAYLIGHT,,,8/15/23 12:12,FALSE,601,Accepted
32071919,220000,CARTER COUNTY SHERIFF DEPT.,Accepted,CARTER,I 0064,,I64 W,,,,,,,,,38.31094141,-83.26405468,152.881,8/14/23 0:00,342,3,3,0,0,CLOUDY,DRY,FALSE,OTHER ROADWAY OR MID-BLOCK COLLISION,REAR END,STRAIGHT & LEVEL,DARK-HWY NOT LIGHTED,,,8/21/23 9:21,FALSE,414,Accepted
32046059,150000,BULLITT COUNTY SHERIFF DEPT.,Accepted,BULLITT,I 0065,105,I65 S,,,,,,,,,37.82769526,-85.72137104,104.677,8/14/23 0:00,638,2,2,0,0,RAINING,WET,FALSE,SIDESWIPE COLLISION - SAME DIRECTION,SIDESWIPE-SAME DIRECTION,STRAIGHT & GRADE,DARK (UNKNOWN ROADWAY LIGHTING),,,8/15/23 7:13,FALSE,1033,Accepted
32046310,240000,CHRISTIAN COUNTY SHERIFF OFFICE,Accepted,CHRISTIAN,I 0024,,I24 E,,,,,,,,,36.65162592,-87.35952012,92.056,8/14/23 0:00,1531,2,2,0,0,CLEAR,DRY,FALSE,SIDESWIPE COLLISION - SAME DIRECTION,SIDESWIPE-SAME DIRECTION,STRAIGHT & LEVEL,DAYLIGHT,,,8/15/23 7:59,FALSE,650A,Accepted
32051600,420000,GRAVES COUNTY SHERIFF DEPT.,Accepted,GRAVES,JC9003,,JC9003 S,,,,,,,,,36.59923622,-88.80259692,9.42,8/14/23 0:00,1307,1,1,0,0,CLOUDY,WET,FALSE,RAN OFF ROADWAY (1 VEHICLE WITH/EARTH EMBANKMENT/DITCH),SINGLE VEHICLE,STRAIGHT & LEVEL,DARK-HWY NOT LIGHTED,,,8/16/23 9:28,FALSE,8,Accepted
32047634,390000,GALLATIN COUNTY SHERIFF DEPT.,Accepted,GALLATIN,I 0071,,I71 N,,,,,,,,,38.68832997,-84.94595368,54.53,8/13/23 0:00,2154,2,2,0,0,CLEAR,DRY,FALSE,REAR END IN TRAFFIC LANES BOTH VEHICLES MOVING,REAR END,STRAIGHT & LEVEL,DARK-HWY NOT LIGHTED,,,8/15/23 13:28,FALSE,107,Accepted
32035993,150000,BULLITT COUNTY SHERIFF DEPT.,Accepted,BULLITT,I 0065,,I65 NB,,,,,I 0065,I65 NB EXIT117 ON RAMP FROM KY44 WB,I 0065,I65 NB EXIT121 OFF RAMP TO KY1526,38.0195554,-85.69641476,118.553,8/12/23 0:00,650,2,2,0,1,CLOUDY,DRY,TRUE,REAR END IN TRAFFIC LANES BOTH VEHICLES MOVING,REAR END,STRAIGHT & GRADE,DAWN,,,8/12/23 14:32,FALSE,1248,Accepted
32037184,80000,BOONE COUNTY SHERIFF DEPT.,Accepted,BOONE,KY0536,321,MT ZION,RD,,,,,,,,38.95622073,-84.62745534,13.806,8/12/23 0:00,210,1,1,0,0,CLEAR,DRY,FALSE,OTHER COLLISIONS ON SHOULDER,SINGLE VEHICLE,STRAIGHT & LEVEL,DARK-HWY NOT LIGHTED,,,8/12/23 23:44,FALSE,3738,Accepted
32039828,80000,BOONE COUNTY SHERIFF DEPT.,Accepted,BOONE,,,SHORLAND,DR,,US0025,DIXIE,,,,,38.92209903,-84.62579877,0.009,8/12/23 0:00,420,1,1,0,0,CLEAR,DRY,FALSE,COLLISION WITH FIXED OBJECT IN INTERSECTION - FIRST EVENT COLLISION 09 - 32,SINGLE VEHICLE,STRAIGHT & LEVEL,DARK-HWY NOT LIGHTED,,,8/13/23 22:22,FALSE,3738,Accepted
32104332,1050000,SCOTT COUNTY SHERIFF DEPT.,Accepted,SCOTT,I 0075,,I75 S,,,,,,,,,38.29780267,-84.55885853,130.715,8/11/23 0:00,1102,1,1,0,0,CLEAR,DRY,FALSE,COLLISION WITH FIXED OBJECT NON - INTERSECTION - FIRST EVENT COLLISION 09 - 32 EXCLUDING 16,SINGLE VEHICLE,STRAIGHT & GRADE,DAYLIGHT,,,8/28/23 16:17,FALSE,233,Accepted
32037194,KSP0400,KY STATE POLICE POST 04,Accepted,BULLITT,I 0065,,I65 S,,,,,,,,,37.8276258,-85.72138328,104.671,8/11/23 0:00,840,2,2,0,0,CLEAR,DRY,FALSE,SIDESWIPE COLLISION - SAME DIRECTION,SIDESWIPE-SAME DIRECTION,CURVE & LEVEL,DAYLIGHT,,,8/12/23 23:47,FALSE,905,Accepted
32041075,568000,LOUISVILLE METRO POLICE DEPT,Accepted,JEFFERSON,I 0064,,I64 E,,,,,I 0064,I64 E EXIT19A RAMP TO I265 S,I 0064,I64 E EXIT17 ON RAMP FROM KY913,38.22274422,-85.51338482,18.553,8/11/23 0:00,1527,2,2,0,0,CLEAR,DRY,FALSE,SIDESWIPE COLLISION - SAME DIRECTION,SIDESWIPE-SAME DIRECTION,STRAIGHT & LEVEL,DAYLIGHT,,,8/14/23 7:52,FALSE,2109,Accepted
32041990,KSP0800,KY STATE POLICE POST 08,Accepted,MORGAN,US0460,,US460,,W,,,,,,,37.86691243,-83.34503849,10.601,8/11/23 0:00,1546,2,2,0,1,CLEAR,DRY,FALSE,REAR END IN TRAFFIC LANES BOTH VEHICLES MOVING,REAR END,STRAIGHT & LEVEL,DAYLIGHT,,,8/14/23 9:49,FALSE,447,Accepted
32076782,150100,SHEPHERDSVILLE POLICE DEPT.,Accepted,BULLITT,I 0065,,I65 N,,,,,,,,,37.99072686,-85.70323566,116.465,8/11/23 0:00,2302,3,3,0,6,CLEAR,DRY,FALSE,OTHER ROADWAY OR MID-BLOCK COLLISION,REAR END,STRAIGHT & LEVEL,DARK-HWY LIGHTED/ON,,,8/22/23 8:26,FALSE,110,Accepted
32078120,340200,LEXINGTON POLICE DEPARTMENT,Accepted,FAYETTE,,342,CAMPSIE,CT,,,,,,,,38.04769218,-84.48843015,0.062,8/11/23 0:00,2005,2,2,0,0,CLEAR,DRY,TRUE,1 VEHICLE PARKED POSITION (NOT PARKING LOT/DRIVEWAY),BACKING,STRAIGHT & LEVEL,DARK (UNKNOWN ROADWAY LIGHTING),,,8/22/23 12:53,FALSE,59441,Accepted