IncidentID,AgencyORI,AgencyName,IncidentStatusDesc,County,RdwyNumber,Street,RoadwayName,StreetSfx,StreetDir,IntersectionRdwy,IntersectionRdwyName,BetweenStRdwy1,BetweenStRdwyName1,BetweenStRdwy2,BetweenStRdwyName2,Latitude,Longitude,Milepoint,CollisionDate,CollisionTime,UnitsInvolved,MotorVehiclesInvolved,NumberKilled,NumberInjured,Weather,RdwyConditionCode,HitandRun,DirAnalysisCode,MannerofCollision,RdwyCharacter,LightCondition,RampFromRdwyId,RampToRdwyId,AcceptedDate,IsSecondaryCollision,OwnerBadge,IncidentStatus
31965957,568000,LOUISVILLE METRO POLICE DEPT,Accepted,JEFFERSON,,,MUHAMMAD ALI,BLVD,W,,5TH,,,,,38.25130392,-85.75915013,0.363,7/26/23 0:00,1021,2,2,0,0,CLEAR,DRY,FALSE,ANGLE COLLISION - OTHER,ANGLE,STRAIGHT & LEVEL,DAYLIGHT,,,7/27/23 7:25,FALSE,5168,Accepted
31970942,568000,LOUISVILLE METRO POLICE DEPT,Accepted,JEFFERSON,KY1065,,OUTER,LOOP,,,TOLLS,,,,,38.12569719,-85.75794871,2.018,7/26/23 0:00,1100,2,2,0,0,CLEAR,DRY,FALSE,ANGLE COLLISION - OTHER,ANGLE,STRAIGHT & LEVEL,DAYLIGHT,,,7/28/23 8:32,FALSE,7080,Accepted
31965983,568000,LOUISVILLE METRO POLICE DEPT,Accepted,JEFFERSON,,,HIKES,LN,,,KLONDIKE,,,,,38.21145695,-85.64023591,2.244,7/26/23 0:00,1100,2,2,0,0,CLEAR,DRY,FALSE,SIDESWIPE-SAME DIRECTION,SIDESWIPE-SAME DIRECTION,STRAIGHT & LEVEL,DAYLIGHT,,,7/27/23 7:27,FALSE,5315,Accepted
31953637,150200,LEBANON JUNCTION POLICE DEPT.,Accepted,BULLITT,I 0065,,I65 S,,,,,,,,,37.82748913,-85.72156692,104.658,7/26/23 0:00,1530,2,2,0,0,CLEAR,DRY,FALSE,COLLISION WITH FIXED OBJECT NON - INTERSECTION - FIRST EVENT COLLISION 09 - 32 EXCLUDING 16,SIDESWIPE-SAME DIRECTION,STRAIGHT & LEVEL,DAYLIGHT,,,7/26/23 16:35,FALSE,601,Accepted
31981976,KSP0300,KY STATE POLICE POST 03,Accepted,EDMONSON,I 0065,,I65 S,,,,,,,,,37.07091181,-86.08966349,44.604,7/26/23 0:00,1942,1,1,0,0,CLEAR,DRY,FALSE,OTHER ROADWAY OR MID-BLOCK COLLISION,SINGLE VEHICLE,STRAIGHT & LEVEL,DUSK,,,7/31/23 10:40,FALSE,694,Accepted
31965969,568000,LOUISVILLE METRO POLICE DEPT,Accepted,JEFFERSON,I 0265,,I265 NB,,,,,,,,,38.23711239,-85.5041318,26.476,7/26/23 0:00,854,1,1,0,0,CLEAR,DRY,FALSE,OTHER ROADWAY OR MID-BLOCK COLLISION,SINGLE VEHICLE,STRAIGHT & LEVEL,DAYLIGHT,,,7/27/23 7:26,FALSE,8461,Accepted
31967432,370200,KY STATE POLICE CVE,Accepted,EDMONSON,I 0065,,I65 NB,,,,,,,,,37.06719444,-86.09502653,44.208,7/25/23 0:00,939,2,2,0,0,CLEAR,DRY,TRUE,SIDESWIPE COLLISION - SAME DIRECTION,SIDESWIPE-SAME DIRECTION,,DAYLIGHT,,,7/27/23 13:15,FALSE,C-351,Accepted
31973319,KSP0400,KY STATE POLICE POST 04,Accepted,BULLITT,I 0065,,I65 S,,,,,,,,,37.82763481,-85.7213735,104.672,7/25/23 0:00,1900,2,2,0,0,CLEAR,DRY,FALSE,SIDESWIPE COLLISION - SAME DIRECTION,SIDESWIPE-SAME DIRECTION,STRAIGHT & LEVEL,DAYLIGHT,,,7/28/23 20:12,FALSE,571,Accepted
31950275,150000,BULLITT COUNTY SHERIFF DEPT.,Accepted,BULLITT,I 0065,,I65 N,,,,,,,,,37.83264928,-85.71796195,105.052,7/25/23 0:00,1705,2,2,0,0,CLEAR,DRY,FALSE,REAR END IN TRAFFIC LANES BOTH VEHICLES MOVING,REAR END,STRAIGHT & LEVEL,DAYLIGHT,,,7/26/23 0:47,FALSE,1182,Accepted
31954251,150000,BULLITT COUNTY SHERIFF DEPT.,Accepted,BULLITT,I 0065,,I65 NB,,,,,I 0065,I65 NB EXIT112 OFF RAMP TO KY245,I 0065,I65 TURN AROUND109,37.91105972,-85.68854828,110.832,7/25/23 0:00,1650,2,2,0,0,CLEAR,DRY,TRUE,REAR END IN TRAFFIC LANES BOTH VEHICLES MOVING,REAR END,STRAIGHT & LEVEL,DAYLIGHT,,,7/26/23 19:04,FALSE,1277,Accepted
32086104,450000,GREENUP COUNTY SHERIFF DEPT.,Accepted,GREENUP,KY0207,,KY207,,,,,,,,,38.51111667,-82.74311668,14.513,7/25/23 0:00,1003,2,2,0,1,CLEAR,DRY,FALSE,REAR END IN TRAFFIC LANES BOTH VEHICLES MOVING,REAR END,STRAIGHT & LEVEL,DAYLIGHT,,,8/24/23 4:48,FALSE,SO-4,Accepted
31933070,568000,LOUISVILLE METRO POLICE DEPT,Accepted,JEFFERSON,US0031W,,MAIN,ST,W,,10TH,,,,,38.25770363,-85.76646261,21.385,7/24/23 0:00,910,2,2,0,0,CLOUDY,DRY,FALSE,ANGLE COLLISION - OTHER,ANGLE,STRAIGHT & LEVEL,DAYLIGHT,,,7/24/23 13:12,FALSE,5245,Accepted
31983137,KSP0700,KY STATE POLICE POST 07,Accepted,LINCOLN,US0027,,US27,,N,,,,,,,37.55277533,-84.63989538,19.07,7/24/23 0:00,948,2,2,0,1,CLEAR,DRY,FALSE,1 VEHICLE ENTERING/LEAVING ENTRANCE,ANGLE,STRAIGHT & LEVEL,DAYLIGHT,,,7/31/23 15:25,FALSE,427,Accepted
31966917,100000,BOYD COUNTY SHERIFF DEPARTMENT,Accepted,BOYD,US0023,,US23,,,,,,,,,38.49312873,-82.66636335,20.324,7/24/23 0:00,2125,2,2,0,0,RAINING,WET,TRUE,OTHER ROADWAY OR MID-BLOCK COLLISION,REAR END,CURVE & LEVEL,DARK-HWY NOT LIGHTED,,,7/27/23 10:43,FALSE,222,Accepted
31937255,KSP0300,KY STATE POLICE POST 03,Accepted,BARREN,I 0065,,I65 S,,,,,,,,,37.11395154,-86.02729324,49.29,7/24/23 0:00,2241,3,3,0,0,CLEAR,DRY,FALSE,OTHER ROADWAY OR MID-BLOCK COLLISION,REAR END,STRAIGHT & LEVEL,DARK-HWY NOT LIGHTED,,,7/25/23 11:07,FALSE,411,Accepted
31951869,510100,HENDERSON POLICE DEPARTMENT,Accepted,HENDERSON,,,US41,,N,,,,,,,37.84847681,-87.56685955,,7/24/23 0:00,1315,2,2,0,0,CLEAR,DRY,FALSE,SIDESWIPE COLLISION - SAME DIRECTION,SIDESWIPE-SAME DIRECTION,CURVE & LEVEL,DAYLIGHT,,,7/26/23 9:44,FALSE,82,Accepted
31931599,568000,LOUISVILLE METRO POLICE DEPT,Accepted,JEFFERSON,I 0071,,I71 SB,,,,,,,,,38.29541189,-85.62773276,6.209,7/23/23 0:00,615,2,2,0,0,CLEAR,DRY,FALSE,REAR END IN TRAFFIC LANES BOTH VEHICLES MOVING,REAR END,STRAIGHT & LEVEL,DAYLIGHT,,,7/24/23 7:33,FALSE,2847,Accepted
31931593,568000,LOUISVILLE METRO POLICE DEPT,Accepted,JEFFERSON,I 0064,,I64 EB,,,,,,,,,38.27647922,-85.8081488,1.102,7/23/23 0:00,1801,2,2,0,0,CLEAR,DRY,FALSE,REAR END IN TRAFFIC LANES BOTH VEHICLES MOVING,REAR END,CURVE & GRADE,DAYLIGHT,,,7/24/23 7:33,FALSE,5282,Accepted
31930767,340200,LEXINGTON POLICE DEPARTMENT,Accepted,FAYETTE,I 0075,,I75 S,,,,,,,,,37.94796801,-84.38486526,102.843,7/23/23 0:00,1545,3,3,0,1,CLEAR,DRY,FALSE,REAR END IN TRAFFIC LANES BOTH VEHICLES MOVING,REAR END,STRAIGHT & HILLCREST,DAYLIGHT,,,7/24/23 4:06,FALSE,57496,Accepted
31926583,340200,LEXINGTON POLICE DEPARTMENT,Accepted,FAYETTE,I 0075,,I75 SB,,,,,I 0075,I75 SB EXIT108 ON RAMP FROMMAN O WAR BLVD,I 0075,I75 SB EXIT104 OFF RAMP TO KY418,37.99143215,-84.39470127,105.93,7/22/23 0:00,1212,3,3,0,0,CLEAR,DRY,FALSE,REAR END IN TRAFFIC LANES BOTH VEHICLES MOVING,REAR END,STRAIGHT & GRADE,DAYLIGHT,,,7/22/23 18:21,FALSE,46620,Accepted
31984639,1050000,SCOTT COUNTY SHERIFF DEPT.,Accepted,SCOTT,I 0075,,I75 S,,,,,,,,,38.27319869,-84.55670958,128.986,7/22/23 0:00,1619,2,2,0,0,CLEAR,DRY,FALSE,SIDESWIPE COLLISION - SAME DIRECTION,SIDESWIPE-SAME DIRECTION,STRAIGHT & LEVEL,DAYLIGHT,,,7/31/23 23:11,FALSE,244,Accepted
31931520,568000,LOUISVILLE METRO POLICE DEPT,Accepted,JEFFERSON,I 0065,,I65 SB,,,,,,,,,38.09133539,-85.70119432,123.525,7/22/23 0:00,820,2,2,0,0,CLEAR,DRY,FALSE,SIDESWIPE COLLISION - SAME DIRECTION,SIDESWIPE-SAME DIRECTION,STRAIGHT & LEVEL,DAYLIGHT,,,7/24/23 7:28,FALSE,5141,Accepted
31923398,150200,LEBANON JUNCTION POLICE DEPT.,Accepted,BULLITT,I 0065,,I65 S,,,,,,,,,37.82675337,-85.7223066,104.593,7/21/23 0:00,1400,2,2,0,0,CLEAR,DRY,FALSE,SIDESWIPE COLLISION - SAME DIRECTION,SIDESWIPE-SAME DIRECTION,STRAIGHT & LEVEL,DAYLIGHT,,,7/21/23 16:41,FALSE,601,Accepted
31922673,340200,LEXINGTON POLICE DEPARTMENT,Accepted,FAYETTE,I 0075,,I75 N,,,I 0075,I75 N EXIT99 ON RAMP FROM US25,,,,,37.88901082,-84.34622818,98.209,7/21/23 0:00,940,1,1,0,0,CLOUDY,DRY,FALSE,OTHER INTERSECTION COLLISIONS,SINGLE VEHICLE,STRAIGHT & HILLCREST,DAYLIGHT,,,7/21/23 13:26,FALSE,59791,Accepted
31971086,150000,BULLITT COUNTY SHERIFF DEPT.,Accepted,BULLITT,I 0065,,I65 S,,,,,I 0065,I65 TURN AROUND109,I 0065,I65 TURN AROUND107,37.88902941,-85.6994003,109.131,7/21/23 0:00,1124,4,4,0,0,CLEAR,DRY,TRUE,REAR END IN TRAFFIC LANES BOTH VEHICLES MOVING,REAR END,STRAIGHT & LEVEL,DAYLIGHT,,,7/28/23 8:58,FALSE,1113,Accepted
31951164,568000,LOUISVILLE METRO POLICE DEPT,Accepted,JEFFERSON,I 0064,,I64 EB,,,,,,,,,38.22283804,-85.51116285,18.672,7/21/23 0:00,1156,2,2,0,0,CLEAR,DRY,FALSE,REAR END IN TRAFFIC LANES BOTH VEHICLES MOVING,REAR END,STRAIGHT & LEVEL,DAYLIGHT,,,7/26/23 7:40,FALSE,8461,Accepted
31932712,370200,KY STATE POLICE CVE,Accepted,MADISON,I 0075,,I75 N,,,,,,,,,37.88391417,-84.3392901,97.69,7/21/23 0:00,1116,2,2,0,0,CLEAR,DRY,FALSE,REAR END IN TRAFFIC LANES BOTH VEHICLES MOVING,REAR END,STRAIGHT & GRADE,DAYLIGHT,,,7/24/23 11:48,FALSE,C-366,Accepted
31925580,340200,LEXINGTON POLICE DEPARTMENT,Accepted,FAYETTE,KY0004,,NEW CIRCLE,RD,W,,,,,,,38.03993912,-84.56786131,4.204,7/21/23 0:00,951,2,2,0,1,CLEAR,DRY,FALSE,OTHER ROADWAY OR MID-BLOCK COLLISION,REAR END,STRAIGHT & LEVEL,DAYLIGHT,,,7/22/23 8:01,FALSE,59793,Accepted
31951159,568000,LOUISVILLE METRO POLICE DEPT,Accepted,JEFFERSON,,,PHILLIPS,LN,,,MONARCH,,,,,38.19719394,-85.73266842,1.209,7/20/23 0:00,1736,2,2,0,0,CLEAR,DRY,FALSE,ANGLE COLLISION - OTHER,ANGLE,STRAIGHT & LEVEL,DAYLIGHT,,,7/26/23 7:39,FALSE,5299,Accepted
31918575,760000,MADISON COUNTY SHERIFF DEPT.,Accepted,MADISON,I 0075,,I75 N,,,,,,,,,37.86264937,-84.33194622,96.082,7/20/23 0:00,758,2,2,0,0,CLEAR,DRY,FALSE,REAR END IN TRAFFIC LANES BOTH VEHICLES MOVING,REAR END,STRAIGHT & LEVEL,DAYLIGHT,,,7/20/23 15:33,FALSE,2026,Accepted
31932711,370200,KY STATE POLICE CVE,Accepted,FAYETTE,I 0075,,I75 S,,,,,,,,,37.92861393,-84.37341788,101.366,7/20/23 0:00,1533,2,2,0,0,CLOUDY,DRY,FALSE,REAR END IN TRAFFIC LANES BOTH VEHICLES MOVING,REAR END,STRAIGHT & GRADE,DAYLIGHT,,,7/24/23 11:47,FALSE,C-354,Accepted
31918122,150000,BULLITT COUNTY SHERIFF DEPT.,Accepted,BULLITT,I 0065,,I65 S,,,,,I 0065,I65 S EXIT105 ON RAMP FROM KY61,I 0065,I65 TURN AROUND104,37.82401264,-85.72621267,104.311,7/20/23 0:00,730,2,2,0,0,CLEAR,DRY,FALSE,SIDESWIPE COLLISION - SAME DIRECTION,SIDESWIPE-SAME DIRECTION,STRAIGHT & LEVEL,DAYLIGHT,,,7/20/23 14:11,FALSE,1247,Accepted
31924555,KSP0400,KY STATE POLICE POST 04,Accepted,HARDIN,I 0065,,I65 N,,,,,,,,,37.57549119,-85.87301436,84.237,7/20/23 0:00,905,2,2,0,0,CLEAR,DRY,FALSE,SIDESWIPE COLLISION - SAME DIRECTION,SIDESWIPE-SAME DIRECTION,STRAIGHT & LEVEL,DAYLIGHT,,,7/22/23 0:26,FALSE,905,Accepted
31916412,568000,LOUISVILLE METRO POLICE DEPT,Accepted,JEFFERSON,US0031W,,MARKET,ST,W,,,,,,,38.25520063,-85.75643327,21.845,7/19/23 0:00,1707,2,2,0,0,CLEAR,DRY,TRUE,SIDESWIPE COLLISION - SAME DIRECTION,SIDESWIPE-SAME DIRECTION,STRAIGHT & LEVEL,DAYLIGHT,,,7/20/23 7:29,FALSE,5468,Accepted
32046853,340200,LEXINGTON POLICE DEPARTMENT,Accepted,FAYETTE,I 0075,,I75 NB,,,,,,,,,38.06445887,-84.44200096,111.801,7/19/23 0:00,1418,2,2,0,0,CLEAR,DRY,TRUE,1 VEHICLE PARKED POSITION (NOT PARKING LOT/DRIVEWAY),SIDESWIPE-SAME DIRECTION,STRAIGHT & LEVEL,DAYLIGHT,,,8/15/23 10:07,FALSE,55323,Accepted
31932156,690000,LINCOLN COUNTY SHERIFF DEPT.,Accepted,LINCOLN,US0027,,US27,,N,,,,,,,37.5498638,-84.64432717,18.752,7/19/23 0:00,1534,2,2,0,0,CLEAR,DRY,FALSE,1 VEHICLE ENTERING/LEAVING ENTRANCE,ANGLE,STRAIGHT & LEVEL,DAYLIGHT,,,7/24/23 9:52,FALSE,54,Accepted
31909279,340200,LEXINGTON POLICE DEPARTMENT,Accepted,FAYETTE,US0025,,GEORGETOWN,ST,,,DOUGLAS,,,,,38.06664456,-84.50331549,15.615,7/18/23 0:00,913,1,1,0,0,CLOUDY,DRY,TRUE,OTHER INTERSECTION COLLISIONS,SINGLE VEHICLE,STRAIGHT & GRADE,DAYLIGHT,,,7/18/23 16:26,FALSE,57918,Accepted
31910679,1140100,BOWLING GREEN POLICE,Accepted,WARREN,US0031W,,US31W,BYP,,,15TH,,,,,36.98105892,-86.44491161,12.494,7/18/23 0:00,1600,1,1,0,0,RAINING,WET,FALSE,OTHER INTERSECTION COLLISIONS,SINGLE VEHICLE,STRAIGHT & LEVEL,DAYLIGHT,,,7/19/23 0:45,FALSE,138,Accepted
31933057,568000,LOUISVILLE METRO POLICE DEPT,Accepted,JEFFERSON,,2709,PARK,RD,S,,,,,,,38.11636297,-85.71286764,2.119,7/18/23 0:00,659,1,1,0,0,CLEAR,DRY,FALSE,COLLISION WITH FIXED OBJECT NON - INTERSECTION - FIRST EVENT COLLISION 09 - 32 EXCLUDING 16,SINGLE VEHICLE,CURVE & GRADE,DAYLIGHT,,,7/24/23 13:10,FALSE,5532,Accepted
31924556,KSP0400,KY STATE POLICE POST 04,Accepted,BULLITT,I 0065,,I65 S,,,,,,,,,37.83918329,-85.7167591,105.526,7/17/23 0:00,1900,2,2,0,0,CLOUDY,DRY,TRUE,SIDESWIPE COLLISION - SAME DIRECTION,SIDESWIPE-SAME DIRECTION,STRAIGHT & LEVEL,DAYLIGHT,,,7/22/23 0:26,FALSE,571,Accepted
31906521,100100,ASHLAND POLICE DEPARTMENT,Accepted,BOYD,US0023,,US23,,,,RIVER HILL,,,,,38.48680808,-82.66093022,19.721,7/17/23 0:00,2212,2,2,0,1,CLEAR,FLOODED,FALSE,OTHER INTERSECTION COLLISIONS,REAR END,STRAIGHT & LEVEL,DARK-HWY LIGHTED/ON,,,7/18/23 5:34,FALSE,1290,Accepted
31907056,150000,BULLITT COUNTY SHERIFF DEPT.,Accepted,BULLITT,I 0065,,I65 S,,,,,,,,,37.89699606,-85.69915712,109.693,7/17/23 0:00,1306,2,2,0,0,CLEAR,DRY,FALSE,REAR END IN TRAFFIC LANES BOTH VEHICLES MOVING,REAR END,CURVE & LEVEL,DAYLIGHT,,,7/18/23 7:55,FALSE,1033,Accepted
31900490,150000,BULLITT COUNTY SHERIFF DEPT.,Accepted,BULLITT,I 0065,,I65 S,,,,,,,,,37.85179326,-85.71289789,106.426,7/16/23 0:00,1534,4,4,0,3,CLEAR,DRY,FALSE,REAR END IN TRAFFIC LANES BOTH VEHICLES MOVING,REAR END,STRAIGHT & LEVEL,DAYLIGHT,,,7/17/23 0:03,FALSE,1182,Accepted
31900492,150000,BULLITT COUNTY SHERIFF DEPT.,Accepted,BULLITT,I 0065,,I65 S,,,,,,,,,37.89856666,-85.69835906,109.837,7/16/23 0:00,1530,2,2,0,0,CLEAR,DRY,FALSE,REAR END IN TRAFFIC LANES BOTH VEHICLES MOVING,REAR END,STRAIGHT & LEVEL,DAYLIGHT,,,7/17/23 0:04,FALSE,1284,Accepted
31899488,590500,KENTON COUNTY POLICE DEPT.,Accepted,KENTON,I 0075,,I75 N,,,,,,,,,38.82632103,-84.59969985,168.665,7/16/23 0:00,1239,2,2,0,0,CLEAR,DRY,FALSE,OTHER ROADWAY OR MID-BLOCK COLLISION,REAR END,CURVE & LEVEL,DAYLIGHT,,,7/16/23 17:27,FALSE,119,Accepted
33179065,430000,GRAYSON COUNTY SHERIFF DEPT.,Accepted,GRAYSON,WK9001,,WK9001 E,,,,,,,,,37.48893535,-86.20911647,111.869,7/15/23 0:00,1630,2,2,0,0,CLEAR,DRY,FALSE,1 VEHICLE ENTERING/LEAVING ENTRANCE,ANGLE,STRAIGHT & LEVEL,DAYLIGHT,,,4/30/24 15:02,FALSE,108,Accepted
31896428,150000,BULLITT COUNTY SHERIFF DEPT.,Accepted,BULLITT,I 0065,,I65 SB,,,,,,,,,37.82780781,-85.72119995,104.704,7/15/23 0:00,950,3,3,0,0,CLOUDY,DRY,FALSE,SIDESWIPE COLLISION - SAME DIRECTION,SIDESWIPE-SAME DIRECTION,STRAIGHT & LEVEL,DAYLIGHT,,,7/15/23 14:47,FALSE,1248,Accepted
31897362,80000,BOONE COUNTY SHERIFF DEPT.,Accepted,BOONE,KY0338,,RICHWOOD,RD,,I 0075,I75 N EXIT175 ON RAMP FROM  RICHWOOD DR,,,,,38.91776376,-84.62812356,0.201,7/15/23 0:00,415,1,1,0,0,CLEAR,DRY,FALSE,COLLISION WITH FIXED OBJECT IN INTERSECTION - FIRST EVENT COLLISION 09 - 32,SINGLE VEHICLE,STRAIGHT & LEVEL,DARK-HWY LIGHTED/ON,,,7/15/23 22:22,FALSE,3738,Accepted
31903376,150000,BULLITT COUNTY SHERIFF DEPT.,Accepted,BULLITT,I 0065,,I65 NB,,,,,,,,,37.89100896,-85.69932428,109.295,7/14/23 0:00,1412,1,1,0,0,CLEAR,DRY,FALSE,OTHER COLLISIONS ON SHOULDER,SINGLE VEHICLE,CURVE & GRADE,DAYLIGHT,,,7/17/23 12:03,FALSE,1021,Accepted
31903970,KSP0300,KY STATE POLICE POST 03,Accepted,EDMONSON,I 0065,,I65 S,,,,,,,,,37.07469114,-86.08340451,45.038,7/14/23 0:00,956,1,1,0,2,CLEAR,DRY,FALSE,OTHER ROADWAY OR MID-BLOCK COLLISION,SINGLE VEHICLE,STRAIGHT & LEVEL,DAYLIGHT,,,7/17/23 14:35,FALSE,632,Accepted
31917034,780100,LEBANON POLICE DEPARTMENT,Accepted,MARION,US0068,,DANVILLE,HWY,,,,US0068,MAIN,,TECH,37.57610044,-85.23016051,12.635,7/14/23 0:00,828,2,2,0,0,CLEAR,DRY,FALSE,SIDESWIPE COLLISION - SAME DIRECTION,SIDESWIPE-SAME DIRECTION,STRAIGHT & LEVEL,DAYLIGHT,,,7/20/23 9:31,FALSE,20,Accepted
31902031,568000,LOUISVILLE METRO POLICE DEPT,Accepted,JEFFERSON,,,CENTRAL,AVE,,,UTAH,,,,,38.20931484,-85.77855712,1.27,7/14/23 0:00,905,2,2,0,0,CLEAR,DRY,FALSE,COLLISION WITH PARKED VEHICLE,SIDESWIPE-SAME DIRECTION,STRAIGHT & LEVEL,DAYLIGHT,,,7/17/23 8:18,FALSE,5489,Accepted
31898164,930400,OLDHAM COUNTY POLICE DEPT.,Accepted,OLDHAM,I 0071,,I71 S,,,,,I 0071,I71 S REST AREA13 ON RAMP,I 0071,I71 S REST AREA13 ON RAMP,38.33073073,-85.5416286,11.583,7/14/23 0:00,1029,2,2,0,0,CLEAR,DRY,FALSE,SIDESWIPE COLLISION - SAME DIRECTION,SIDESWIPE-SAME DIRECTION,CURVE & LEVEL,DAYLIGHT,,,7/16/23 3:32,FALSE,3119,Accepted
31895193,150000,BULLITT COUNTY SHERIFF DEPT.,Accepted,BULLITT,I 0065,,I65 S,,,,,,,,,37.82406085,-85.7261295,104.316,7/13/23 0:00,1513,2,2,0,0,CLEAR,DRY,FALSE,SIDESWIPE COLLISION - SAME DIRECTION,SIDESWIPE-SAME DIRECTION,STRAIGHT & LEVEL,DAYLIGHT,,,7/15/23 1:37,FALSE,1300,Accepted
31892915,510000,HENDERSON COUNTY SHERIFF DEPT.,Accepted,HENDERSON,US0041,,,,,,,,,,,37.79713454,-87.55772828,0.021,7/13/23 0:00,1105,1,1,0,0,CLEAR,DRY,FALSE,COLLISION WITH FIXED OBJECT NON - INTERSECTION - FIRST EVENT COLLISION 09 - 32 EXCLUDING 16,SINGLE VEHICLE,STRAIGHT & LEVEL,DAYLIGHT,,,7/14/23 11:46,FALSE,132,Accepted
31891426,340200,LEXINGTON POLICE DEPARTMENT,Accepted,FAYETTE,I 0075,,I75 S,,,,,,,,,37.89007023,-84.34778975,98.34,7/13/23 0:00,2345,1,1,0,0,CLEAR,DRY,FALSE,RAN OFF ROADWAY (1 VEHICLE WITH/EARTH EMBANKMENT/DITCH),SINGLE VEHICLE,STRAIGHT & LEVEL,DARK-HWY LIGHTED/ON,,,7/14/23 4:28,FALSE,59766,Accepted
31916353,510100,HENDERSON POLICE DEPARTMENT,Accepted,HENDERSON,KY0351,,ZION,RD,,US0041,US41 RAMP KY351,,,,,37.83094037,-87.56718343,1.308,7/13/23 0:00,1326,2,2,0,1,CLEAR,DRY,FALSE,ANGLE COLLISION - ONE VEHICLE TURNING LEFT,ANGLE,STRAIGHT & LEVEL,DAYLIGHT,,,7/20/23 7:18,FALSE,65,Accepted
31893537,150000,BULLITT COUNTY SHERIFF DEPT.,Accepted,BULLITT,I 0065,,I65 NB,,,,,,,,,37.91422949,-85.68732925,111.059,7/13/23 0:00,1150,5,5,0,0,CLOUDY,DRY,TRUE,REAR END IN TRAFFIC LANES BOTH VEHICLES MOVING,REAR END,STRAIGHT & LEVEL,DAYLIGHT,,,7/14/23 15:34,FALSE,1250,Accepted
31890939,340200,LEXINGTON POLICE DEPARTMENT,Accepted,FAYETTE,I 0075,,I75 S,,,,,,,,,37.90039695,-84.3562823,99.196,7/13/23 0:00,1715,3,3,0,0,CLEAR,DRY,FALSE,REAR END IN TRAFFIC LANES BOTH VEHICLES MOVING,REAR END,STRAIGHT & LEVEL,DAYLIGHT,,,7/14/23 1:21,FALSE,58943,Accepted
31883506,570100,NICHOLASVILLE POLICE DEPT.,Accepted,JESSAMINE,KY0169,,KEENE,RD,,,,,,,,37.90222866,-84.5840445,12.086,7/12/23 0:00,1050,2,2,0,0,CLEAR,DRY,FALSE,OTHER ROADWAY OR MID-BLOCK COLLISION,REAR TO REAR,STRAIGHT & LEVEL,DAYLIGHT,,,7/12/23 13:28,FALSE,595,Accepted
31884890,1050100,GEORGETOWN POLICE DEPARTMENT,Accepted,SCOTT,US0025,,LEXINGTON,RD,,,,,,,,38.18239863,-84.56083021,1.961,7/12/23 0:00,905,2,2,0,0,CLEAR,DRY,FALSE,OTHER ROADWAY OR MID-BLOCK COLLISION,REAR END,STRAIGHT & LEVEL,DAYLIGHT,,,7/12/23 17:22,FALSE,855,Accepted
31973318,KSP0400,KY STATE POLICE POST 04,Accepted,BULLITT,I 0065,,I65 S,,,,,,,,,37.82793054,-85.7210845,104.698,7/12/23 0:00,1448,2,2,0,0,CLEAR,DRY,FALSE,SIDESWIPE COLLISION - SAME DIRECTION,SIDESWIPE-SAME DIRECTION,STRAIGHT & LEVEL,DAYLIGHT,,,7/28/23 20:12,FALSE,292,Accepted
31882095,568000,LOUISVILLE METRO POLICE DEPT,Accepted,JEFFERSON,KY1450,,BLUE LICK,RD,,,,,PARK,,FREEDOM,38.11430935,-85.68949948,2.034,7/11/23 0:00,1305,2,2,0,0,CLEAR,DRY,FALSE,SIDESWIPE COLLISION - OPPOSITE DIRECTION,SIDESWIPE-OPPOSITE DIRECTION,STRAIGHT & LEVEL,DAYLIGHT,,,7/12/23 7:31,FALSE,2324,Accepted
31931662,810000,MASON COUNTY SHERIFF,Accepted,MASON,US0068,,US68,,,,,,,,,38.59189934,-83.82011635,10.273,7/11/23 0:00,905,2,1,0,1,CLEAR,DRY,FALSE,COLLISION WITH PEDESTRIAN NON - INTERSECTION,SINGLE VEHICLE,STRAIGHT & LEVEL,DAYLIGHT,,,7/24/23 7:49,FALSE,64,Accepted
31932835,100000,BOYD COUNTY SHERIFF DEPARTMENT,Accepted,BOYD,KY0966,,BIG RUN,RD,S,US0060,US60,,,,,38.37184819,-82.76137175,5.123,7/11/23 0:00,1005,1,1,0,1,CLEAR,DRY,FALSE,NON-COLLISION OBJECT COLLISION,SINGLE VEHICLE,STRAIGHT & LEVEL,DAYLIGHT,,,7/24/23 12:21,FALSE,224,Accepted
31878053,130000,BREATHITT COUNTY SHERIFF DEPT.,Accepted,BREATHITT,KY0030,,KY30,,,,,,,,,37.56958911,-83.30108062,21.305,7/11/23 0:00,930,1,1,0,1,CLEAR,DRY,FALSE,OTHER ROADWAY OR MID-BLOCK COLLISION,SINGLE VEHICLE,CURVE & GRADE,DAYLIGHT,,,7/11/23 11:34,FALSE,901,Accepted
31881210,340200,LEXINGTON POLICE DEPARTMENT,Accepted,FAYETTE,US0060,,WINCHESTER,RD,,,LIBERTY,,,,,38.04168061,-84.46999405,9.294,7/11/23 0:00,2259,2,2,0,0,CLOUDY,DRY,TRUE,OTHER INTERSECTION COLLISIONS,REAR END,STRAIGHT & LEVEL,DARK-HWY LIGHTED/ON,,,7/12/23 1:56,FALSE,56782,Accepted