IncidentID,AgencyORI,AgencyName,IncidentStatusDesc,County,RdwyNumber,Street,RoadwayName,StreetSfx,StreetDir,IntersectionRdwy,IntersectionRdwyName,BetweenStRdwy1,BetweenStRdwyName1,BetweenStRdwy2,BetweenStRdwyName2,Latitude,Longitude,Milepoint,CollisionDate,CollisionTime,UnitsInvolved,MotorVehiclesInvolved,NumberKilled,NumberInjured,Weather,RdwyConditionCode,HitandRun,DirAnalysisCode,MannerofCollision,RdwyCharacter,LightCondition,RampFromRdwyId,RampToRdwyId,AcceptedDate,IsSecondaryCollision,OwnerBadge,IncidentStatus
31898163,930400,OLDHAM COUNTY POLICE DEPT.,Accepted,OLDHAM,I 0071,,I71 S,,,I 0071,I71 S EXIT22 OFF RAMP TO KY53,,,,,38.40200261,-85.37097447,21.976,7/11/23 0:00,1105,2,2,0,0,CLEAR,DRY,FALSE,OTHER INTERSECTION COLLISIONS,REAR END,STRAIGHT & LEVEL,DAYLIGHT,,,7/16/23 3:32,FALSE,3119,Accepted
31885648,80000,BOONE COUNTY SHERIFF DEPT.,Accepted,BOONE,KY0536,,HATHAWAY,RD,,CR1227,CANOE,,,,,38.94513606,-84.70632637,9.258,7/11/23 0:00,1534,2,2,0,0,CLEAR,DRY,FALSE,REAR END IN TRAFFIC LANES BOTH VEHICLES MOVING,REAR END,STRAIGHT & LEVEL,DAYLIGHT,,,7/12/23 23:14,FALSE,3729,Accepted
31898162,930400,OLDHAM COUNTY POLICE DEPT.,Accepted,OLDHAM,I 0071,,I71 S,,,,,I 0071,I71 S EXIT22 OFF RAMP TO KY53,I 0071,I71 TURN AROUND22,38.40284324,-85.36920546,22.09,7/10/23 0:00,1616,2,2,0,0,CLEAR,DRY,FALSE,REAR END IN TRAFFIC LANES BOTH VEHICLES MOVING,REAR END,STRAIGHT & GRADE,DAYLIGHT,,,7/16/23 3:32,FALSE,3119,Accepted
31913576,20000,ALLEN COUNTY SHERIFF DEPT.,Accepted,ALLEN,US0031E,,NEW GLASGOW,RD,,,,,,,,36.80204924,-86.14008373,14.104,7/10/23 0:00,1354,3,3,2,2,CLEAR,DRY,FALSE,REAR END IN TRAFFIC LANES BOTH VEHICLES MOVING,REAR END,STRAIGHT & GRADE,DAYLIGHT,,,7/19/23 16:04,FALSE,38,Accepted
32401883,KSP1300,KY STATE POLICE POST 13,Accepted,KNOTT,KY0015,,SMITHBORO,RD,,,,,,,,37.22953786,-83.00047433,5.829,7/10/23 0:00,252,2,1,1,1,CLEAR,DRY,FALSE,REAR END IN TRAFFIC LANES BOTH VEHICLES MOVING,REAR END,STRAIGHT & LEVEL,DARK-HWY LIGHTED/ON,,,11/1/23 9:59,FALSE,631,Accepted
31876881,568000,LOUISVILLE METRO POLICE DEPT,Accepted,JEFFERSON,,,SENTIMENTAL,LN,,,,,,,,38.08712745,-85.63040995,0.336,7/10/23 0:00,1342,2,2,0,0,CLEAR,DRY,FALSE,1 VEHICLE PARKED POSITION (NOT PARKING LOT/DRIVEWAY),SIDESWIPE-OPPOSITE DIRECTION,STRAIGHT & LEVEL,DAYLIGHT,,,7/11/23 7:42,FALSE,7989,Accepted
31874139,80000,BOONE COUNTY SHERIFF DEPT.,Accepted,BOONE,I 0075,,I75 N,,,,,,,,,38.87055643,-84.62420441,172.177,7/10/23 0:00,1246,2,2,0,0,CLEAR,DRY,TRUE,SIDESWIPE COLLISION - SAME DIRECTION,SIDESWIPE-SAME DIRECTION,STRAIGHT & LEVEL,DAYLIGHT,,,7/10/23 15:41,FALSE,3710,Accepted
31872362,150000,BULLITT COUNTY SHERIFF DEPT.,Accepted,BULLITT,I 0065,,I65 NB,,,I 0065,I65 NB EXIT105 OFF RAMP TO KY61,,,,,37.82735611,-85.72121175,104.694,7/9/23 0:00,1310,2,2,0,0,CLOUDY,DRY,FALSE,SIDESWIPE-SAME DIRECTION,SIDESWIPE-SAME DIRECTION,STRAIGHT & LEVEL,DAYLIGHT,,,7/10/23 10:10,FALSE,1250,Accepted
31870018,1050000,SCOTT COUNTY SHERIFF DEPT.,Accepted,SCOTT,I 0075,,I75 N,,,,,,,,,38.2676246,-84.55427425,128.577,7/9/23 0:00,1524,1,1,0,0,CLEAR,DRY,FALSE,OTHER ROADWAY OR MID-BLOCK COLLISION,SINGLE VEHICLE,STRAIGHT & LEVEL,DAYLIGHT,,,7/9/23 22:47,FALSE,218,Accepted
32005966,150000,BULLITT COUNTY SHERIFF DEPT.,Accepted,BULLITT,I 0065,,I65 S,,,,,,,,,37.86410597,-85.70601401,107.366,7/9/23 0:00,1405,3,3,0,0,CLOUDY,DRY,FALSE,REAR END IN TRAFFIC LANES BOTH VEHICLES MOVING,REAR END,STRAIGHT & LEVEL,DAYLIGHT,,,8/5/23 15:16,FALSE,1232,Accepted
31871448,568000,LOUISVILLE METRO POLICE DEPT,Accepted,JEFFERSON,,,HIKES,LN,,,CLINGSTONE,,,,,38.21540019,-85.633457,2.702,7/8/23 0:00,2340,2,2,0,0,CLEAR,DRY,TRUE,HEAD-ON COLLISION,HEAD ON,STRAIGHT & LEVEL,DARK-HWY LIGHTED/ON,,,7/10/23 7:44,FALSE,5502,Accepted
31868922,80000,BOONE COUNTY SHERIFF DEPT.,Accepted,BOONE,I 0075,,I75 N,,,,,,,,,38.91333614,-84.62881901,175.136,7/8/23 0:00,1202,1,1,0,0,RAINING,WET,FALSE,OTHER ROADWAY OR MID-BLOCK COLLISION,SINGLE VEHICLE,STRAIGHT & LEVEL,DAYLIGHT,,,7/9/23 14:13,FALSE,3739,Accepted
31868638,930400,OLDHAM COUNTY POLICE DEPT.,Accepted,OLDHAM,I 0071,,I71 S,,,,,,,,,38.34257803,-85.50203229,13.904,7/8/23 0:00,1523,2,2,0,0,CLOUDY,DRY,TRUE,SIDESWIPE COLLISION - SAME DIRECTION,SIDESWIPE-SAME DIRECTION,STRAIGHT & LEVEL,DAYLIGHT,,,7/9/23 9:31,FALSE,3072,Accepted
31886823,568000,LOUISVILLE METRO POLICE DEPT,Accepted,JEFFERSON,I 0265,,I265 S,,,,,,,,,38.29363452,-85.54264274,32.061,7/7/23 0:00,1205,1,1,0,1,CLEAR,DRY,FALSE,OTHER ROADWAY OR MID-BLOCK COLLISION,SINGLE VEHICLE,STRAIGHT & LEVEL,DAYLIGHT,,,7/13/23 7:16,FALSE,4903,Accepted
31861022,100100,ASHLAND POLICE DEPARTMENT,Accepted,BOYD,US0023X,,WINCHESTER,AVE,,,9TH,,,,,38.48267835,-82.64752159,1.686,7/6/23 0:00,2227,2,2,0,0,CLOUDY,DRY,FALSE,NON-COLLISION OBJECT COLLISION,SIDESWIPE-SAME DIRECTION,STRAIGHT & LEVEL,DARK (UNKNOWN ROADWAY LIGHTING),,,7/7/23 5:51,FALSE,1875,Accepted
31864390,80000,BOONE COUNTY SHERIFF DEPT.,Accepted,BOONE,KY0536,,MT ZION,RD,,,,,TOEBBEN,,TOEBBEN,38.9574999,-84.61401579,14.497,7/6/23 0:00,1708,2,2,0,0,CLOUDY,DRY,FALSE,1 VEHICLE ENTERING/LEAVING ENTRANCE,ANGLE,STRAIGHT & GRADE,DAYLIGHT,,,7/7/23 21:46,FALSE,3713,Accepted
31866026,563800,NORTHFIELD POLICE DEPARTMENT,Accepted,JEFFERSON,US0042,,BROWNSBORO,RD,,,NORTHFIELD,,,,,38.28148307,-85.6346179,5.908,7/6/23 0:00,915,2,2,0,0,CLOUDY,WET,FALSE,OTHER INTERSECTION COLLISIONS,REAR END,STRAIGHT & LEVEL,DAYLIGHT,,,7/8/23 11:30,FALSE,1381,Accepted
31862262,930400,OLDHAM COUNTY POLICE DEPT.,Accepted,OLDHAM,I 0071,,I71 S,,,,,I 0071,I71 TURN AROUND22,I 0071,I71 TURN AROUND22,38.42386885,-85.33015308,24.628,7/5/23 0:00,1429,2,2,0,0,CLEAR,DRY,FALSE,1 VEHICLE ENTERING/LEAVING ENTRANCE,ANGLE,STRAIGHT & LEVEL,DAYLIGHT,,,7/7/23 10:33,FALSE,3119,Accepted
31856567,568000,LOUISVILLE METRO POLICE DEPT,Accepted,JEFFERSON,,1263,BURNETT,AVE,E,,,,,,,38.21948159,-85.73578868,1.275,7/5/23 0:00,834,2,2,0,0,CLEAR,DRY,FALSE,OTHER ROADWAY OR MID-BLOCK COLLISION,REAR TO REAR,STRAIGHT & LEVEL,DAYLIGHT,,,7/6/23 7:26,FALSE,7462,Accepted
31903235,KSP1100,KY STATE POLICE POST 11,Accepted,LAUREL,I 0075,,,,,,,,,,,36.97982053,-84.11028117,0.253,7/5/23 0:00,1523,2,2,0,0,CLEAR,DRY,FALSE,OTHER RAMP RELATED COLLISIONS NOT LISTED ABOVE,SIDESWIPE-SAME DIRECTION,CURVE & GRADE,DAYLIGHT,US25E,I 0075,7/17/23 11:32,FALSE,476,Accepted
31847414,590500,KENTON COUNTY POLICE DEPT.,Accepted,KENTON,I 0075,,I75 N,,,,,,,,,38.79265355,-84.60421991,166.273,7/3/23 0:00,1401,2,2,0,0,CLEAR,DRY,FALSE,SIDESWIPE COLLISION - SAME DIRECTION,SIDESWIPE-SAME DIRECTION,STRAIGHT & LEVEL,DUSK,,,7/4/23 6:01,FALSE,124,Accepted
31840757,150000,BULLITT COUNTY SHERIFF DEPT.,Accepted,BULLITT,I 0065,,I65 S,,,,,,,,,37.91149677,-85.68865432,110.84,7/1/23 0:00,1416,4,4,0,0,CLOUDY,DRY,FALSE,REAR END IN TRAFFIC LANES BOTH VEHICLES MOVING,REAR END,STRAIGHT & LEVEL,DAYLIGHT,,,7/2/23 14:10,FALSE,1232,Accepted
31840785,340200,LEXINGTON POLICE DEPARTMENT,Accepted,FAYETTE,US0060,,WINCHESTER,RD,,,,,ASHTON,,HELM,38.04280827,-84.45819208,9.849,7/1/23 0:00,1324,2,2,0,0,CLOUDY,WET,FALSE,OTHER ROADWAY OR MID-BLOCK COLLISION,REAR END,STRAIGHT & LEVEL,DAYLIGHT,,,7/2/23 14:33,FALSE,55090,Accepted
31836884,150000,BULLITT COUNTY SHERIFF DEPT.,Accepted,BULLITT,I 0065,110 MM,I65 SB,,,,,I 0065,I65 TURN AROUND109,I 0065,I65 SB EXIT112 ON RAMP FROM KY245,37.90343441,-85.69462653,110.228,6/30/23 0:00,1924,5,5,0,0,CLOUDY,DRY,FALSE,REAR END IN TRAFFIC LANES BOTH VEHICLES MOVING,REAR END,STRAIGHT & LEVEL,DAYLIGHT,,,7/1/23 1:07,FALSE,1229,Accepted
31836883,150000,BULLITT COUNTY SHERIFF DEPT.,Accepted,BULLITT,I 0065,110 MM,I65 SB,,,,,I 0065,I65 TURN AROUND109,I 0065,I65 SB EXIT112 ON RAMP FROM KY245,37.90343441,-85.69462653,110.228,6/30/23 0:00,1514,3,3,0,0,CLOUDY,DRY,FALSE,REAR END IN TRAFFIC LANES BOTH VEHICLES MOVING,REAR END,STRAIGHT & LEVEL,DAYLIGHT,,,7/1/23 1:07,FALSE,1229,Accepted
31846006,470000,HARDIN COUNTY SHERIFF DEPT.,Accepted,HARDIN,I 0065,,I65 N,,,,,,,,,37.60011081,-85.8676893,85.953,6/30/23 0:00,1600,2,2,0,0,CLEAR,DRY,FALSE,REAR END IN TRAFFIC LANES BOTH VEHICLES MOVING,REAR END,STRAIGHT & LEVEL,DAYLIGHT,,,7/3/23 20:29,FALSE,979,Accepted
31843076,568000,LOUISVILLE METRO POLICE DEPT,Accepted,JEFFERSON,KY1065,,LOVERS,LN,,,,,FERN CREEK,,ROCKY,38.16285211,-85.57143606,13.451,6/30/23 0:00,1514,2,2,0,0,CLEAR,DRY,FALSE,1 VEHICLE PARKED POSITION (NOT PARKING LOT/DRIVEWAY),SIDESWIPE-SAME DIRECTION,STRAIGHT & LEVEL,DAYLIGHT,,,7/3/23 7:45,FALSE,2324,Accepted
31843084,568000,LOUISVILLE METRO POLICE DEPT,Accepted,JEFFERSON,I 0064,,I64 E,,,,,I 0064,I265 N EXIT25A RAMP TO I64 E,I 0064,I64 W EXIT19B RAMP TO I265 N,38.22254056,-85.50304397,19.092,6/30/23 0:00,1645,2,2,0,0,CLOUDY,DRY,TRUE,SIDESWIPE COLLISION - SAME DIRECTION,SIDESWIPE-SAME DIRECTION,STRAIGHT & LEVEL,DAYLIGHT,,,7/3/23 7:45,FALSE,2109,Accepted
31843068,568000,LOUISVILLE METRO POLICE DEPT,Accepted,JEFFERSON,I 0265,,I265 S,,,I 0064,I265 S EXIT25B RAMP TO I64 W,,,,,38.22684535,-85.50533267,25.731,6/30/23 0:00,1220,3,3,0,1,CLOUDY,DRY,FALSE,SIDESWIPE-SAME DIRECTION,SIDESWIPE-SAME DIRECTION,STRAIGHT & LEVEL,DAYLIGHT,,,7/3/23 7:44,FALSE,7316,Accepted
31841652,180100,MURRAY POLICE DEPARTMENT,Accepted,CALLOWAY,US0641,,12TH,ST,N,,,,,,,36.62381646,-88.31435764,8.601,6/30/23 0:00,1350,1,1,0,0,CLEAR,DRY,FALSE,COLLISION IN PARKING LOT,SINGLE VEHICLE,STRAIGHT & LEVEL,DAYLIGHT,,,7/2/23 21:19,FALSE,148,Accepted
31866053,470000,HARDIN COUNTY SHERIFF DEPT.,Accepted,HARDIN,I 0065,,I65 N,,,,,,,,,37.58958958,-85.86999589,85.229,6/29/23 0:00,1352,1,1,0,3,RAINING,WET,FALSE,OTHER ROADWAY OR MID-BLOCK COLLISION,SINGLE VEHICLE,STRAIGHT & LEVEL,DAYLIGHT,,,7/8/23 11:44,FALSE,993,Accepted
31852482,KSP0300,KY STATE POLICE POST 03,Accepted,WARREN,I 0065,,I65 SB,,,,,,,,,37.0563489,-86.12348837,42.437,6/29/23 0:00,1544,1,1,0,0,RAINING,WET,FALSE,OTHER ROADWAY OR MID-BLOCK COLLISION,SINGLE VEHICLE,STRAIGHT & LEVEL,DAYLIGHT,,,7/5/23 11:28,FALSE,623,Accepted
31858459,190500,HIGHLAND HEIGHTS POLICE DEPT.,Accepted,CAMPBELL,US0027,,ALEXANDRIA,PIKE,,,,KY3490,JOHNS HILL,,MARSHALL,39.03334504,-84.45321203,16.481,6/29/23 0:00,1220,2,2,0,0,SMOG SMOKE,DRY,FALSE,OTHER ROADWAY OR MID-BLOCK COLLISION,REAR END,STRAIGHT & GRADE,DAYLIGHT,,,7/6/23 14:49,FALSE,505,Accepted
31849398,1030100,MOREHEAD POLICE DEPARTMENT,Accepted,ROWAN,KY0032,,FLEMINGSBURG,RD,,,,,,,,38.17913297,-83.45742389,7.19,6/29/23 0:00,1150,2,2,0,0,CLOUDY,DRY,FALSE,1 VEHICLE PARKED POSITION (NOT PARKING LOT/DRIVEWAY),ANGLE,STRAIGHT & LEVEL,DAYLIGHT,,,7/4/23 20:09,FALSE,103,Accepted
31823285,340200,LEXINGTON POLICE DEPARTMENT,Accepted,FAYETTE,US0025,,VINE,ST,W,,LIMESTONE,,,,,38.04571419,-84.49804682,13.913,6/28/23 0:00,120,2,2,0,0,CLEAR,DRY,FALSE,ANGLE COLLISION - OTHER,ANGLE,STRAIGHT & LEVEL,DARK-HWY LIGHTED/ON,,,6/28/23 6:41,FALSE,58542,Accepted
31828582,340200,LEXINGTON POLICE DEPARTMENT,Accepted,FAYETTE,I 0075,,I75 N,,,,,,,,,38.07645627,-84.45641825,112.94,6/28/23 0:00,750,2,2,0,0,CLEAR,DRY,FALSE,OTHER ROADWAY OR MID-BLOCK COLLISION,REAR END,CURVE & LEVEL,DAYLIGHT,,,6/29/23 8:08,FALSE,56412,Accepted
31828071,150000,BULLITT COUNTY SHERIFF DEPT.,Accepted,BULLITT,I 0065,,I65 NB,,,,,,,,,37.81917178,-85.7328209,103.835,6/28/23 0:00,614,1,1,0,0,CLOUDY,DRY,FALSE,OTHER ROADWAY OR MID-BLOCK COLLISION,SINGLE VEHICLE,STRAIGHT & LEVEL,DAWN,,,6/29/23 6:34,FALSE,1317,Accepted
31828822,568000,LOUISVILLE METRO POLICE DEPT,Accepted,JEFFERSON,I 0265,,I265 S,,,,,,,,,38.25965785,-85.50219732,28,6/28/23 0:00,1112,2,2,0,0,CLOUDY,DRY,FALSE,SIDESWIPE COLLISION - SAME DIRECTION,SIDESWIPE-SAME DIRECTION,STRAIGHT & LEVEL,DAYLIGHT,,,6/29/23 8:52,FALSE,7316,Accepted
31820285,1180100,CORBIN POLICE DEPARTMENT,Accepted,KNOX,,,CORBIN BYPASS,,,,,,,,,36.95310848,-84.07624518,,6/27/23 0:00,704,2,2,0,0,CLEAR,DRY,TRUE,SIDESWIPE COLLISION - SAME DIRECTION,SIDESWIPE-SAME DIRECTION,STRAIGHT & LEVEL,DAYLIGHT,,,6/27/23 14:26,FALSE,420,Accepted
31852964,470000,HARDIN COUNTY SHERIFF DEPT.,Accepted,HARDIN,I 0065,,I65 S,,,,,,,,,37.63438427,-85.86059365,88.338,6/27/23 0:00,57,3,3,1,3,CLEAR,DRY,FALSE,OTHER ROADWAY OR MID-BLOCK COLLISION,REAR END,STRAIGHT & LEVEL,DARK-HWY NOT LIGHTED,,,7/5/23 13:51,FALSE,958,Accepted
31861700,1080000,SPENCER COUNTY SHERIFF DEPT.,Accepted,SPENCER,,,LITTLE MOUNT CHURCH,RD,,,,,,,,38.08482547,-85.2680047,1.965,6/27/23 0:00,141,2,2,0,0,CLOUDY,DRY,FALSE,VEHICLE BACKING NON INTERSECTION,BACKING,STRAIGHT & GRADE,DAYLIGHT,,,7/7/23 8:41,FALSE,SO1,Accepted
32046061,150000,BULLITT COUNTY SHERIFF DEPT.,Accepted,BULLITT,I 0065,,I65 N,,,,,,,,,37.90734883,-85.69115565,110.544,6/27/23 0:00,1500,3,3,0,0,CLEAR,DRY,FALSE,REAR END IN TRAFFIC LANES BOTH VEHICLES MOVING,REAR END,STRAIGHT & LEVEL,DAYLIGHT,,,8/15/23 7:13,FALSE,1033,Accepted
31823671,450500,RUSSELL POLICE DEPARTMENT,Accepted,GREENUP,US0023,,US23,,,,,,,,,38.51677633,-82.6841128,1.348,6/26/23 0:00,1709,2,2,0,1,CLEAR,DRY,FALSE,REAR END IN TRAFFIC LANES BOTH VEHICLES MOVING,REAR END,STRAIGHT & LEVEL,DAYLIGHT,,,6/28/23 8:26,FALSE,436,Accepted
31857453,260100,MANCHESTER POLICE DEPARTMENT,Accepted,CLAY,US0421,,US421,,S,,,,,,,37.13173651,-83.75688622,16.062,6/26/23 0:00,1208,2,2,0,0,CLEAR,DRY,FALSE,VEHICLE BACKING NON INTERSECTION,BACKING,STRAIGHT & HILLCREST,DAYLIGHT,,,7/6/23 10:54,FALSE,102,Accepted
31824250,160000,BUTLER COUNTY SHERIFF DEPT.,Accepted,BUTLER,KY0070,,ROCHESTER,RD,,,,,,,,37.20810863,-86.72901194,11.653,6/26/23 0:00,1312,2,2,0,0,CLEAR,DRY,FALSE,1 VEHICLE PARKED POSITION (NOT PARKING LOT/DRIVEWAY),HEAD ON,CURVE & GRADE,DAYLIGHT,,,6/28/23 10:41,FALSE,166,Accepted
31816456,340200,LEXINGTON POLICE DEPARTMENT,Accepted,FAYETTE,US0060,,WINCHESTER,RD,,,,,PATCHEN WILKES,,SIR BARTON,38.04159382,-84.42882774,11.568,6/26/23 0:00,1450,2,2,0,0,CLEAR,DRY,FALSE,SIDESWIPE COLLISION - SAME DIRECTION,SIDESWIPE-SAME DIRECTION,STRAIGHT & LEVEL,DAYLIGHT,,,6/26/23 18:09,FALSE,40593,Accepted
31814360,80000,BOONE COUNTY SHERIFF DEPT.,Accepted,BOONE,I 0075,,I-75,IS,,,,,,,,38.91779273,-84.6277065,0.233,6/25/23 0:00,1408,2,2,0,0,CLEAR,DRY,FALSE,OTHER RAMP RELATED COLLISIONS NOT LISTED ABOVE,BACKING,STRAIGHT & GRADE,DAYLIGHT,I 0075,RICHWOOD DR,6/26/23 10:42,FALSE,3207,Accepted
31831453,760100,BEREA POLICE DEPARTMENT,Accepted,MADISON,I 0075,,I75 N,,,,,,,,,37.57667197,-84.31382554,76.074,6/25/23 0:00,1701,2,2,0,0,CLEAR,DRY,FALSE,OTHER ROADWAY OR MID-BLOCK COLLISION,REAR END,STRAIGHT & LEVEL,DAYLIGHT,,,6/29/23 17:15,FALSE,0870TG,Accepted
31831452,760100,BEREA POLICE DEPARTMENT,Accepted,MADISON,I 0075,,I75 N,,,,,,,,,37.54674336,-84.31732709,74.014,6/25/23 0:00,1636,2,2,0,0,CLEAR,DRY,FALSE,REAR END IN TRAFFIC LANES BOTH VEHICLES MOVING,REAR END,STRAIGHT & LEVEL,DAYLIGHT,,,6/29/23 17:15,FALSE,0870TG,Accepted
31831455,760100,BEREA POLICE DEPARTMENT,Accepted,MADISON,I 0075,,I75 N,,,,,,,,,37.57757637,-84.31338729,76.137,6/25/23 0:00,1226,2,2,0,0,CLOUDY,DRY,FALSE,REAR END IN TRAFFIC LANES BOTH VEHICLES MOVING,REAR END,STRAIGHT & LEVEL,DAYLIGHT,,,6/29/23 17:15,FALSE,2554LO,Accepted
31814577,590500,KENTON COUNTY POLICE DEPT.,Accepted,KENTON,I 0075,,I75 N,,,,,,,,,38.81928717,-84.60053917,168.216,6/25/23 0:00,1408,8,8,0,0,CLEAR,DRY,FALSE,REAR END IN TRAFFIC LANES BOTH VEHICLES MOVING,REAR END,STRAIGHT & LEVEL,DAYLIGHT,,,6/26/23 11:28,FALSE,138,Accepted
31831449,760100,BEREA POLICE DEPARTMENT,Accepted,MADISON,I 0075,,I75 S,,,,,,,,,37.61014857,-84.31470076,78.411,6/25/23 0:00,1444,3,3,0,0,CLEAR,DRY,FALSE,REAR END IN TRAFFIC LANES BOTH VEHICLES MOVING,REAR END,STRAIGHT & LEVEL,DAYLIGHT,,,6/29/23 17:15,FALSE,0870TG,Accepted
31813846,568000,LOUISVILLE METRO POLICE DEPT,Accepted,JEFFERSON,I 0265,,I265 WB,,,I 0265,I265 WB EXIT19 OFF RAMP TO KY1819,,,,,38.14783843,-85.54250981,19.582,6/24/23 0:00,1124,2,2,0,2,CLEAR,DRY,FALSE,SIDESWIPE-SAME DIRECTION,SIDESWIPE-SAME DIRECTION,CURVE & GRADE,DAYLIGHT,,,6/26/23 9:23,FALSE,2017,Accepted
31823963,90100,PARIS POLICE DEPARTMENT,Accepted,BOURBON,,,7TH,ST,W,US0068X,HIGH,,,,,38.21063082,-84.25247356,0.051,6/23/23 0:00,1401,2,2,0,0,CLOUDY,DRY,TRUE,OPPOSITE DIRECTION - BOTH VEHICLES GOING STRAIGHT AHEAD,SIDESWIPE-OPPOSITE DIRECTION,STRAIGHT & LEVEL,DAYLIGHT,,,6/28/23 9:38,FALSE,508,Accepted
31813754,568000,LOUISVILLE METRO POLICE DEPT,Accepted,JEFFERSON,I 0071,,I71 N,,,,,,,,,38.32094319,-85.55940184,10.396,6/23/23 0:00,641,2,2,0,0,CLOUDY,DRY,FALSE,SIDESWIPE COLLISION - SAME DIRECTION,SIDESWIPE-SAME DIRECTION,CURVE & LEVEL,DAWN,,,6/26/23 9:17,FALSE,7316,Accepted
31821115,KSP0400,KY STATE POLICE POST 04,Accepted,HARDIN,I 0065,,I65 NB,,,,,,,,,37.57518844,-85.87307188,84.215,6/23/23 0:00,1128,2,2,0,0,CLEAR,DRY,FALSE,SIDESWIPE COLLISION - SAME DIRECTION,SIDESWIPE-SAME DIRECTION,STRAIGHT & LEVEL,DAYLIGHT,,,6/27/23 16:51,FALSE,635,Accepted
31813916,568000,LOUISVILLE METRO POLICE DEPT,Accepted,JEFFERSON,,,HIKES,LN,,,SAINT MICHAEL CHURCH,,,,,38.21329288,-85.63722691,2.452,6/23/23 0:00,1557,1,1,0,1,CLEAR,DRY,FALSE,OTHER INTERSECTION COLLISIONS,SINGLE VEHICLE,STRAIGHT & LEVEL,DAYLIGHT,,,6/26/23 9:27,FALSE,5310,Accepted
31825283,KSP0700,KY STATE POLICE POST 07,Accepted,MADISON,I 0075,,I75 S,,,,,,,,,37.69583564,-84.31647745,84.372,6/23/23 0:00,1155,3,3,0,3,CLEAR,DRY,FALSE,REAR END IN TRAFFIC LANES BOTH VEHICLES MOVING,REAR END,STRAIGHT & LEVEL,DAYLIGHT,,,6/28/23 15:06,FALSE,288,Accepted
31813441,1180000,WHITLEY COUNTY SHERIFF DEPT.,Accepted,WHITLEY,US0025W,,CUMBERLAND FALLS,HWY,,,,,,,,36.90976491,-84.15174994,28.243,6/23/23 0:00,945,3,3,0,0,CLOUDY,WET,FALSE,REAR END IN TRAFFIC LANES BOTH VEHICLES MOVING,REAR END,STRAIGHT & LEVEL,DAYLIGHT,,,6/26/23 8:32,FALSE,304,Accepted
31906261,1100000,TODD COUNTY SHERIFF DEPARTMENT,Accepted,TODD,KY0171,5283,ALLEGRE,RD,,,,,,,,36.92075043,-87.21466632,6.952,6/23/23 0:00,1254,2,1,0,0,CLEAR,DRY,FALSE,1 VEHICLE ENTERING/LEAVING ENTRANCE,ANGLE,STRAIGHT & GRADE,DAYLIGHT,,,7/18/23 3:03,FALSE,701,Accepted
31803772,568000,LOUISVILLE METRO POLICE DEPT,Accepted,JEFFERSON,,,HIKES,LN,,,,,,,,38.21617468,-85.63206176,2.796,6/22/23 0:00,754,2,2,0,0,CLOUDY,DRY,FALSE,1 VEHICLE ENTERING/LEAVING ENTRANCE,ANGLE,STRAIGHT & LEVEL,DAYLIGHT,,,6/23/23 7:37,FALSE,4693,Accepted
31816220,630100,LONDON POLICE DEPARTMENT,Accepted,LAUREL,I 0075,,I75 N,,,,,,,,,36.99370777,-84.10776369,30.043,6/22/23 0:00,1232,2,2,0,0,CLOUDY,DRY,FALSE,REAR END IN TRAFFIC LANES BOTH VEHICLES MOVING,REAR END,STRAIGHT & LEVEL,DAYLIGHT,,,6/26/23 16:55,FALSE,3190,Accepted
31802079,340200,LEXINGTON POLICE DEPARTMENT,Accepted,FAYETTE,KY0004,,NEW CIRCLE,RD,W,,,KY0004,KY4 EXIT9A RAMP TO KY922 SB,KY0922,NEWTOWN,38.07484386,-84.49756106,9.193,6/22/23 0:00,48,2,1,1,0,CLEAR,DRY,TRUE,COLLISION WITH PEDESTRIAN NON - INTERSECTION,SINGLE VEHICLE,STRAIGHT & LEVEL,UNKNOWN,,,6/22/23 18:56,FALSE,49203,Accepted
31815667,340200,LEXINGTON POLICE DEPARTMENT,Accepted,FAYETTE,I 0075,,I75 SB,,,,,,,,,38.07087231,-84.4509866,112.468,6/22/23 0:00,740,2,2,0,0,CLEAR,DRY,FALSE,SIDESWIPE COLLISION - SAME DIRECTION,SIDESWIPE-SAME DIRECTION,STRAIGHT & LEVEL,DAYLIGHT,,,6/26/23 15:24,FALSE,55323,Accepted
31805406,340200,LEXINGTON POLICE DEPARTMENT,Accepted,FAYETTE,,,POLO CLUB,BLVD,,,PASSAGE MOUND,,,,,38.00524776,-84.39784705,2.775,6/22/23 0:00,1513,2,2,0,0,CLOUDY,DRY,FALSE,OPPOSITE DIRECTION - BOTH VEHICLES GOING STRAIGHT AHEAD,SIDESWIPE-OPPOSITE DIRECTION,STRAIGHT & GRADE,DAYLIGHT,,,6/23/23 15:21,FALSE,58953,Accepted
31799332,760100,BEREA POLICE DEPARTMENT,Accepted,MADISON,I 0075,,I75 N,,,,,,,,,37.6011366,-84.31422625,77.756,6/21/23 0:00,1402,2,2,0,0,CLEAR,DRY,FALSE,SIDESWIPE COLLISION - SAME DIRECTION,SIDESWIPE-SAME DIRECTION,STRAIGHT & LEVEL,DAYLIGHT,,,6/22/23 7:24,FALSE,0578JG,Accepted