IncidentID,AgencyORI,AgencyName,IncidentStatusDesc,County,RdwyNumber,Street,RoadwayName,StreetSfx,StreetDir,IntersectionRdwy,IntersectionRdwyName,BetweenStRdwy1,BetweenStRdwyName1,BetweenStRdwy2,BetweenStRdwyName2,Latitude,Longitude,Milepoint,CollisionDate,CollisionTime,UnitsInvolved,MotorVehiclesInvolved,NumberKilled,NumberInjured,Weather,RdwyConditionCode,HitandRun,DirAnalysisCode,MannerofCollision,RdwyCharacter,LightCondition,RampFromRdwyId,RampToRdwyId,AcceptedDate,IsSecondaryCollision,OwnerBadge,IncidentStatus
31795041,568000,LOUISVILLE METRO POLICE DEPT,Accepted,JEFFERSON,US0031E,,BARDSTOWN,RD,,,,,BRENTLINGER,,WINGFIELD,38.13568251,-85.5803878,4.488,6/21/23 0:00,531,1,1,0,0,CLEAR,DRY,FALSE,OTHER ROADWAY OR MID-BLOCK COLLISION,SINGLE VEHICLE,STRAIGHT & LEVEL,DARK-HWY NOT LIGHTED,,,6/21/23 8:19,FALSE,6028,Accepted
31794682,340200,LEXINGTON POLICE DEPARTMENT,Accepted,FAYETTE,I 0075,,I75 N,,,,,,,,,38.07833732,-84.45750011,113.084,6/21/23 0:00,344,1,1,0,0,CLEAR,DRY,FALSE,COLLISION WITH FIXED OBJECT NON - INTERSECTION - FIRST EVENT COLLISION 09 - 32 EXCLUDING 16,SINGLE VEHICLE,STRAIGHT & LEVEL,DARK-HWY LIGHTED/ON,,,6/21/23 6:46,FALSE,58950,Accepted
32044193,150200,LEBANON JUNCTION POLICE DEPT.,Accepted,BULLITT,I 0065,,I65 S,,,,,,,,,37.83097808,-85.71889743,104.94,6/21/23 0:00,912,2,2,0,0,CLEAR,DRY,FALSE,REAR END IN TRAFFIC LANES BOTH VEHICLES MOVING,REAR END,STRAIGHT & LEVEL,DAYLIGHT,,,8/14/23 17:53,FALSE,601,Accepted
31801941,150100,SHEPHERDSVILLE POLICE DEPT.,Accepted,BULLITT,KY0480,,CEDAR GROVE,RD,,,HERITAGE HILL,,,,,37.97929716,-85.66766053,2.612,6/21/23 0:00,1710,2,2,0,0,CLEAR,DRY,FALSE,OTHER INTERSECTION COLLISIONS,REAR END,STRAIGHT & LEVEL,DAYLIGHT,,,6/22/23 17:58,FALSE,26,Accepted
31803756,568000,LOUISVILLE METRO POLICE DEPT,Accepted,JEFFERSON,US0042,,US42,,,,LIME KILN,,,,,38.28905436,-85.62957714,6.526,6/21/23 0:00,1707,2,2,0,0,CLEAR,DRY,FALSE,OTHER INTERSECTION COLLISIONS,REAR END,STRAIGHT & LEVEL,DAYLIGHT,,,6/23/23 7:36,FALSE,5288,Accepted
31805389,410000,GRANT COUNTY SHERIFF DEPT.,Accepted,GRANT,I 0075,,I75 N,,,,,,,,,38.79096225,-84.6046284,166.127,6/20/23 0:00,631,2,2,0,0,CLEAR,DRY,FALSE,SIDESWIPE COLLISION - SAME DIRECTION,SIDESWIPE-SAME DIRECTION,STRAIGHT & LEVEL,DAYLIGHT,,,6/23/23 15:16,FALSE,916,Accepted
31795016,568000,LOUISVILLE METRO POLICE DEPT,Accepted,JEFFERSON,KY2048,,CANNONS,LN,,,,,,,,38.23603409,-85.65850996,1.295,6/20/23 0:00,900,2,2,0,0,CLEAR,DRY,FALSE,SIDESWIPE COLLISION - SAME DIRECTION,SIDESWIPE-SAME DIRECTION,STRAIGHT & LEVEL,DAYLIGHT,,,6/21/23 8:18,FALSE,7488,Accepted
31795029,568000,LOUISVILLE METRO POLICE DEPT,Accepted,JEFFERSON,I 0065,,I65 NB,,,I 0065,I65 NB COLLECTOR DISTRIBUTOR,,,,,38.25630274,-85.74160648,136.271,6/19/23 0:00,1420,2,2,0,0,CLOUDY,WET,FALSE,OTHER INTERSECTION COLLISIONS,REAR END,STRAIGHT & LEVEL,DAYLIGHT,,,6/21/23 8:18,FALSE,6360,Accepted
31787746,730100,PADUCAH POLICE DEPARTMENT,Accepted,MCCRACKEN,US0062,,US62,,,KY1286,FRIENDSHIP,,,,,37.05183161,-88.67368467,10.753,6/19/23 0:00,904,2,2,0,0,CLOUDY,DRY,FALSE,ANGLE COLLISION - OTHER,ANGLE,STRAIGHT & LEVEL,DAYLIGHT,,,6/19/23 16:42,FALSE,242,Accepted
31791551,KSP1100,KY STATE POLICE POST 11,Accepted,ROCKCASTLE,I 0075,,I75 N,,,,,,,,,37.51389953,-84.32121119,71.701,6/19/23 0:00,1510,2,2,0,0,CLOUDY,WET,FALSE,REAR END IN TRAFFIC LANES BOTH VEHICLES MOVING,REAR END,STRAIGHT & LEVEL,DAYLIGHT,,,6/20/23 13:14,FALSE,902,Accepted
31789965,568000,LOUISVILLE METRO POLICE DEPT,Accepted,JEFFERSON,,,HIKES,LN,,,,,,,,38.2126775,-85.63823015,2.395,6/19/23 0:00,816,2,2,0,0,RAINING,WET,TRUE,REAR END IN TRAFFIC LANES BOTH VEHICLES MOVING,REAR END,STRAIGHT & LEVEL,DAYLIGHT,,,6/20/23 7:47,FALSE,4693,Accepted
31843354,590500,KENTON COUNTY POLICE DEPT.,Accepted,KENTON,I 0075,,I75 N,,,,,,,,,38.81734674,-84.60078467,168.082,6/19/23 0:00,1935,2,2,0,0,CLEAR,DRY,FALSE,REAR END IN TRAFFIC LANES BOTH VEHICLES MOVING,REAR END,STRAIGHT & LEVEL,DAYLIGHT,,,7/3/23 8:36,FALSE,128,Accepted
31785549,568000,LOUISVILLE METRO POLICE DEPT,Accepted,JEFFERSON,I 0265,,I265 S,,,,,I 0265,I265 S EXIT30 OFF RAMP KY146 TO,I 0265,I265 S EXIT30 ON RAMP FROM KY146,38.28595099,-85.51189273,30.264,6/17/23 0:00,1440,2,2,0,0,CLEAR,DRY,FALSE,REAR END IN TRAFFIC LANES BOTH VEHICLES MOVING,REAR END,STRAIGHT & HILLCREST,DAYLIGHT,,,6/19/23 10:12,FALSE,2109,Accepted
31843353,590500,KENTON COUNTY POLICE DEPT.,Accepted,KENTON,I 0075,,I75 N,,,,,,,,,38.82188256,-84.6002399,168.39,6/17/23 0:00,1739,2,2,0,0,CLEAR,DRY,FALSE,REAR END IN TRAFFIC LANES BOTH VEHICLES MOVING,REAR END,STRAIGHT & LEVEL,DAYLIGHT,,,7/3/23 8:36,FALSE,128,Accepted
31786777,340200,LEXINGTON POLICE DEPARTMENT,Accepted,FAYETTE,I 0075,,I75 SB,,,,,,,,,38.10025643,-84.48683076,115.327,6/16/23 0:00,1508,2,2,0,0,CLOUDY,DRY,FALSE,REAR END IN TRAFFIC LANES BOTH VEHICLES MOVING,REAR END,STRAIGHT & LEVEL,DAYLIGHT,,,6/19/23 14:06,FALSE,55323,Accepted
31785787,410000,GRANT COUNTY SHERIFF DEPT.,Accepted,GRANT,I 0075,,I75 N,,,,,,,,,38.79154529,-84.60444448,166.195,6/16/23 0:00,748,2,2,0,0,CLEAR,DRY,FALSE,REAR END IN TRAFFIC LANES BOTH VEHICLES MOVING,REAR END,STRAIGHT & LEVEL,DAYLIGHT,,,6/19/23 10:38,FALSE,916,Accepted
31784616,760100,BEREA POLICE DEPARTMENT,Accepted,MADISON,I 0075,,I75 S,,,,,,,,,37.57375079,-84.31425172,75.89,6/16/23 0:00,1056,4,4,0,0,CLEAR,DRY,FALSE,REAR END IN TRAFFIC LANES BOTH VEHICLES MOVING,REAR END,CURVE & LEVEL,DAYLIGHT,,,6/19/23 8:26,TRUE,3298MS,Accepted
31834371,610000,KNOX COUNTY SHERIFF DEPARTMENT,Accepted,KNOX,KY0225,,KY225,,,,,,,,,36.83967454,-83.85957433,13.077,6/15/23 0:00,1253,2,2,0,2,CLEAR,DRY,FALSE,REAR END IN TRAFFIC LANES BOTH VEHICLES MOVING,REAR END,STRAIGHT & GRADE,DAYLIGHT,,,6/30/23 10:31,FALSE,142,Accepted
31770323,340200,LEXINGTON POLICE DEPARTMENT,Accepted,FAYETTE,US0060,1111,WINCHESTER,RD,,,,,STRADER,,BROWN,38.0424753,-84.46337923,9.662,6/15/23 0:00,754,2,2,0,0,CLEAR,DRY,FALSE,REAR END IN TRAFFIC LANES BOTH VEHICLES MOVING,REAR END,STRAIGHT & LEVEL,DAYLIGHT,,,6/15/23 9:12,FALSE,39970,Accepted
31784765,80000,BOONE COUNTY SHERIFF DEPT.,Accepted,BOONE,KY0338,,RICHWOOD,RD,,I 0075,I75 N EXIT175 ON RAMP FROM  RICHWOOD DR,,,,,38.91792223,-84.62741886,0.174,6/15/23 0:00,1245,2,2,0,0,CLEAR,DRY,FALSE,SIDESWIPE-SAME DIRECTION,SIDESWIPE-SAME DIRECTION,STRAIGHT & LEVEL,DAYLIGHT,,,6/19/23 9:09,FALSE,3744,Accepted
31783029,180100,MURRAY POLICE DEPARTMENT,Accepted,CALLOWAY,KY1327,,CHESTNUT,ST,,,,,,,,36.61691741,-88.31966045,1.773,6/15/23 0:00,1809,1,1,0,1,CLEAR,DRY,FALSE,OTHER ROADWAY OR MID-BLOCK COLLISION,SINGLE VEHICLE,STRAIGHT & LEVEL,DAYLIGHT,,,6/18/23 21:05,FALSE,147,Accepted
31775856,510100,HENDERSON POLICE DEPARTMENT,Accepted,HENDERSON,,,US HWY 41,,,,,,,,,37.83878446,-87.56454611,,6/14/23 0:00,1300,1,1,0,0,CLEAR,DRY,FALSE,OTHER ROADWAY OR MID-BLOCK COLLISION,SINGLE VEHICLE,STRAIGHT & LEVEL,DAYLIGHT,,,6/16/23 12:46,FALSE,82,Accepted
31777794,50100,GLASGOW POLICE DEPARTMENT,Accepted,BARREN,LN9008,,LN9008 W,,,,,,,,,36.99065043,-85.96336529,9.673,6/14/23 0:00,2149,1,1,0,0,CLEAR,DRY,FALSE,OTHER ROADWAY OR MID-BLOCK COLLISION,SINGLE VEHICLE,STRAIGHT & LEVEL,DARK-HWY LIGHTED/OFF,,,6/16/23 23:59,FALSE,2289,Accepted
31785166,930100,LAGRANGE POLICE DEPARTMENT,Accepted,OLDHAM,,,NEW MOODY,LN,,,,,,,,38.39622521,-85.37594624,1.052,6/14/23 0:00,2143,1,1,0,0,CLEAR,DRY,FALSE,OTHER ROADWAY OR MID-BLOCK COLLISION,SINGLE VEHICLE,STRAIGHT & GRADE,DAYLIGHT,,,6/19/23 9:45,FALSE,2052,Accepted
31770378,KSP0200,KY STATE POLICE POST 02,Accepted,CHRISTIAN,I 0024,,I24 W,,,,,,,,,36.68297299,-87.40652372,88.629,6/14/23 0:00,1740,2,2,0,0,CLEAR,DRY,FALSE,REAR END IN TRAFFIC LANES BOTH VEHICLES MOVING,REAR END,STRAIGHT & LEVEL,DAYLIGHT,,,6/15/23 9:27,FALSE,366,Accepted
31771985,80000,BOONE COUNTY SHERIFF DEPT.,Accepted,BOONE,KY0338,,RICHWOOD,RD,,,FROGTOWN CONN,,,,,38.91662338,-84.63226127,0.458,6/14/23 0:00,1739,2,2,0,1,CLEAR,DRY,FALSE,OTHER INTERSECTION COLLISIONS,REAR END,CURVE & LEVEL,DAYLIGHT,,,6/15/23 15:35,FALSE,3713,Accepted
31764380,568000,LOUISVILLE METRO POLICE DEPT,Accepted,JEFFERSON,I 0064,,,,,,,,,,,38.22151273,-85.50534152,0.165,6/13/23 0:00,1233,2,2,0,0,CLEAR,DRY,FALSE,OTHER RAMP RELATED COLLISIONS NOT LISTED ABOVE,REAR END,CURVE & HILLCREST,DAYLIGHT,I 0064,I 0265,6/14/23 7:28,FALSE,4903,Accepted
31852760,KSP0700,KY STATE POLICE POST 07,Accepted,MADISON,I 0075,,I75 N,,,,,,,,,37.66386901,-84.30996061,82.1,6/13/23 0:00,1000,2,2,0,0,CLEAR,DRY,TRUE,SIDESWIPE COLLISION - SAME DIRECTION,SIDESWIPE-SAME DIRECTION,STRAIGHT & LEVEL,DAYLIGHT,,,7/5/23 12:54,FALSE,125,Accepted
31759136,568000,LOUISVILLE METRO POLICE DEPT,Accepted,JEFFERSON,I 0064,,I64 W,,,,,,,,,38.2345978,-85.61319163,12.904,6/12/23 0:00,920,2,2,0,0,CLOUDY,DRY,FALSE,OTHER ROADWAY OR MID-BLOCK COLLISION,REAR END,STRAIGHT & LEVEL,DAYLIGHT,,,6/13/23 7:21,FALSE,4903,Accepted
31759489,591100,TAYLOR MILL POLICE DEPARTMENT,Accepted,KENTON,KY3716,5477,TAYLOR MILL,RD,,,,,,,,39.00307166,-84.4943014,1.106,6/12/23 0:00,1248,2,2,0,0,CLEAR,DRY,FALSE,REAR END IN TRAFFIC LANES BOTH VEHICLES MOVING,REAR END,STRAIGHT & LEVEL,DAYLIGHT,,,6/13/23 8:50,FALSE,TM06,Accepted
31759418,240000,CHRISTIAN COUNTY SHERIFF OFFICE,Accepted,CHRISTIAN,I 0024,,I24 W,,,,,,,,,36.68596399,-87.41258495,88.233,6/12/23 0:00,1307,2,2,0,2,CLEAR,DRY,FALSE,REAR END IN TRAFFIC LANES BOTH VEHICLES MOVING,REAR END,STRAIGHT & LEVEL,DAYLIGHT,,,6/13/23 8:32,FALSE,618,Accepted
31753757,568000,LOUISVILLE METRO POLICE DEPT,Accepted,JEFFERSON,I 0265,,I265 E,,,,,I 0265,I265 E EXIT17 ON RAMP FROM US31E,I 0265,I265 E EXIT19 OFF RAMP TO KY1819,38.14376861,-85.55811406,18.693,6/11/23 0:00,1047,2,2,0,2,CLEAR,DRY,FALSE,REAR END IN TRAFFIC LANES BOTH VEHICLES MOVING,REAR END,STRAIGHT & LEVEL,DAYLIGHT,,,6/12/23 7:45,FALSE,7278,Accepted
31764360,760100,BEREA POLICE DEPARTMENT,Accepted,MADISON,I 0075,,I75 N,,,,,,,,,37.6003915,-84.31423665,77.704,6/11/23 0:00,1119,2,2,0,0,CLOUDY,WET,FALSE,REAR END IN TRAFFIC LANES BOTH VEHICLES MOVING,REAR END,STRAIGHT & LEVEL,DAYLIGHT,,,6/14/23 7:25,FALSE,0229JB,Accepted
31753783,568000,LOUISVILLE METRO POLICE DEPT,Accepted,JEFFERSON,US0031E,,BARDSTOWN,RD,,,,,WINGFIELD,,BRENTLINGER,38.13672498,-85.58080647,4.564,6/11/23 0:00,1917,2,2,0,0,CLOUDY,WET,FALSE,1 VEHICLE ENTERING/LEAVING ENTRANCE,ANGLE,STRAIGHT & LEVEL,DAYLIGHT,,,6/12/23 7:47,FALSE,6028,Accepted
31750828,340200,LEXINGTON POLICE DEPARTMENT,Accepted,FAYETTE,US0025,,VINE,ST,E,,,,,,,38.04311954,-84.49543855,13.669,6/10/23 0:00,2315,2,2,0,0,CLEAR,DRY,FALSE,1 VEHICLE ENTERING/LEAVING ENTRANCE,ANGLE,CURVE & LEVEL,DARK-HWY LIGHTED/ON,,,6/11/23 7:20,FALSE,58889,Accepted
31748646,80000,BOONE COUNTY SHERIFF DEPT.,Accepted,BOONE,KY0338,,RICHWOOD,RD,,,PADDOCK,,,,,38.91523562,-84.63381228,0.593,6/9/23 0:00,1150,2,2,0,0,CLEAR,DRY,FALSE,VEHICLE BACKING IN INTERSECTION,BACKING,STRAIGHT & LEVEL,DAYLIGHT,,,6/10/23 12:58,FALSE,3700,Accepted
31756812,50000,BARREN COUNTY SHERIFF DEPT.,Accepted,BARREN,LN9008,,LN9008 E,,,,,,,,,36.99557607,-85.98934496,8.164,6/9/23 0:00,1502,2,2,0,0,CLEAR,DRY,FALSE,REAR END IN TRAFFIC LANES BOTH VEHICLES MOVING,REAR END,STRAIGHT & LEVEL,DAYLIGHT,,,6/12/23 16:35,FALSE,181,Accepted
31754381,190500,HIGHLAND HEIGHTS POLICE DEPT.,Accepted,CAMPBELL,,,ALEXANDRIA,PIKE,,,,KY3490,JOHNS HILL,US0027,ALEXANDRIA,39.03147657,-84.4518029,0.006,6/9/23 0:00,809,2,2,0,0,CLOUDY,DRY,FALSE,SIDESWIPE COLLISION - OPPOSITE DIRECTION,SIDESWIPE-OPPOSITE DIRECTION,CURVE & LEVEL,DAYLIGHT,,,6/12/23 9:30,FALSE,505,Accepted
31748420,760100,BEREA POLICE DEPARTMENT,Accepted,MADISON,I 0075,,I75 N,,,,,,,,,37.57767862,-84.31337444,76.145,6/9/23 0:00,943,2,2,0,0,CLEAR,DRY,FALSE,SIDESWIPE COLLISION - SAME DIRECTION,SIDESWIPE-SAME DIRECTION,STRAIGHT & LEVEL,DAYLIGHT,,,6/10/23 9:11,FALSE,0229JB,Accepted
31760352,KSP0200,KY STATE POLICE POST 02,Accepted,CHRISTIAN,I 0024,,I24 W,,,,,,,,,36.65343639,-87.36389589,91.775,6/8/23 0:00,1231,2,2,0,0,CLEAR,DRY,FALSE,SIDESWIPE COLLISION - SAME DIRECTION,SIDESWIPE-SAME DIRECTION,STRAIGHT & LEVEL,DAYLIGHT,,,6/13/23 11:41,FALSE,185,Accepted
31739198,470000,HARDIN COUNTY SHERIFF DEPT.,Accepted,HARDIN,I 0065,,I65 S,,,,,,,,,37.59414871,-85.86927279,85.551,6/7/23 0:00,939,1,1,0,0,RAINING,WATER (STANDING OR MOVING),FALSE,OTHER ROADWAY OR MID-BLOCK COLLISION,SINGLE VEHICLE,STRAIGHT & LEVEL,DAYLIGHT,,,6/8/23 8:44,FALSE,984,Accepted
31742606,1140100,BOWLING GREEN POLICE,Accepted,WARREN,US0031W,,NASHVILLE,RD,,,,,LANSDALE,,OAKLAWN,36.9752005,-86.45825648,11.614,6/7/23 0:00,1432,3,3,0,0,CLEAR,DRY,FALSE,REAR END IN TRAFFIC LANES BOTH VEHICLES MOVING,REAR END,STRAIGHT & LEVEL,DAYLIGHT,,,6/8/23 21:59,FALSE,123,Accepted
31736618,590300,ERLANGER POLICE DEPARTMENT,Accepted,KENTON,,,JACQUELINE,DR,,,,KY0236,STEVENSON,,LEXINGTON,39.00352375,-84.58752356,0.291,6/7/23 0:00,1513,2,2,0,0,CLEAR,DRY,FALSE,1 VEHICLE PARKED POSITION (NOT PARKING LOT/DRIVEWAY),BACKING,STRAIGHT & LEVEL,DAYLIGHT,,,6/7/23 17:06,FALSE,167,Accepted
31737436,760100,BEREA POLICE DEPARTMENT,Accepted,MADISON,I 0075,,,,,,,,,,,37.67327686,-84.31363593,0.016,6/6/23 0:00,1152,2,2,0,0,CLOUDY,DRY,FALSE,OTHER RAMP RELATED COLLISIONS NOT LISTED ABOVE,BACKING,STRAIGHT & LEVEL,DAYLIGHT,KY2872,I 0075,6/7/23 22:24,FALSE,1489KM,Accepted
31735695,1180100,CORBIN POLICE DEPARTMENT,Accepted,WHITLEY,US0025W,,CUMBERLAND FALLS,HWY,,,,,,,,36.9183109,-84.12670168,29.783,6/6/23 0:00,133,2,2,0,0,CLEAR,DRY,FALSE,1 VEHICLE ENTERING/LEAVING ENTRANCE,ANGLE,STRAIGHT & LEVEL,DAYLIGHT,,,6/7/23 14:12,FALSE,420,Accepted
31739506,KSP0200,KY STATE POLICE POST 02,Accepted,CHRISTIAN,I 0024,,I24 E,,,,,,,,,36.69168363,-87.4264056,87.37,6/6/23 0:00,1445,2,2,0,0,CLEAR,DRY,FALSE,OTHER ROADWAY OR MID-BLOCK COLLISION,REAR END,STRAIGHT & LEVEL,DAYLIGHT,,,6/8/23 9:41,FALSE,185,Accepted
31748417,760100,BEREA POLICE DEPARTMENT,Accepted,MADISON,I 0075,,I75 S,,,,,,,,,37.57261577,-84.3143572,75.811,6/6/23 0:00,1234,1,1,0,0,CLEAR,DRY,FALSE,COLLISION WITH FIXED OBJECT NON - INTERSECTION - FIRST EVENT COLLISION 09 - 32 EXCLUDING 16,SINGLE VEHICLE,STRAIGHT & LEVEL,DAYLIGHT,,,6/10/23 9:11,FALSE,0229JB,Accepted
31731081,1200100,VERSAILLES POLICE DEPARTMENT,Accepted,WOODFORD,,,MACEY,AVE,,,GARNETT,,,,,38.04770943,-84.73199892,0.16,6/6/23 0:00,808,1,1,0,0,CLEAR,DRY,FALSE,COLLISION WITH FIXED OBJECT IN INTERSECTION - FIRST EVENT COLLISION 09 - 32,SINGLE VEHICLE,STRAIGHT & LEVEL,DAYLIGHT,,,6/6/23 16:23,FALSE,119,Accepted
31728454,KSP0200,KY STATE POLICE POST 02,Accepted,CHRISTIAN,I 0024,,I24 E,,,,,,,,,36.65412539,-87.36544002,91.68,6/5/23 0:00,901,2,2,0,0,CLEAR,DRY,FALSE,OTHER ROADWAY OR MID-BLOCK COLLISION,REAR END,STRAIGHT & LEVEL,DAYLIGHT,,,6/6/23 7:48,FALSE,139,Accepted
31731311,591900,INDEPENDENCE POLICE DEPARTMENT,Accepted,KENTON,,,DECLARATION,DR,,,,,DELAWARE CROSSING,,RICHARD WAINSCOTT,38.92780564,-84.54745748,,6/5/23 0:00,1518,2,2,0,0,CLEAR,DRY,FALSE,VEHICLE BACKING NON INTERSECTION,BACKING,STRAIGHT & LEVEL,DAYLIGHT,,,6/6/23 17:02,FALSE,30,Accepted
31745510,KSP1100,KY STATE POLICE POST 11,Accepted,ROCKCASTLE,I 0075,,I75 N,,,,,,,,,37.5126655,-84.32174853,71.61,6/4/23 0:00,1127,2,2,0,0,CLEAR,DRY,FALSE,REAR END IN TRAFFIC LANES BOTH VEHICLES MOVING,REAR END,STRAIGHT & LEVEL,DAYLIGHT,,,6/9/23 13:13,FALSE,287,Accepted
31902118,970000,PERRY COUNTY SHERIFF,Accepted,PERRY,KY0028,,KY28,,,,,,,,,37.35516049,-83.32093107,14.912,6/4/23 0:00,1811,2,2,0,0,CLOUDY,DRY,FALSE,REAR END IN TRAFFIC LANES BOTH VEHICLES MOVING,REAR END,STRAIGHT & LEVEL,DAYLIGHT,,,7/17/23 8:24,FALSE,510,Accepted
31742872,1000100,SOMERSET POLICE DEPARTMENT,Accepted,PULASKI,KY0461,,KY461,,,,BARNESBURG,,,,,37.16683078,-84.49336089,0.547,6/3/23 0:00,1654,2,2,0,0,CLEAR,DRY,FALSE,ANGLE COLLISION - ONE VEHICLE TURNING LEFT,ANGLE,STRAIGHT & GRADE,DAYLIGHT,,,6/8/23 23:57,FALSE,27,Accepted
31856901,1050100,GEORGETOWN POLICE DEPARTMENT,Accepted,SCOTT,I 0075,,I75 S,,,,,,,,,38.29244054,-84.5588852,130.343,6/3/23 0:00,600,1,1,0,0,CLEAR,DRY,FALSE,OTHER COLLISIONS ON SHOULDER,SINGLE VEHICLE,STRAIGHT & LEVEL,DAYLIGHT,,,7/6/23 8:51,FALSE,844,Accepted
31723930,568000,LOUISVILLE METRO POLICE DEPT,Accepted,JEFFERSON,I 0265,,I265 WB,,,,,I 0265,I265 WB EXIT17 ON RAMP FROM US31E,I 0265,I265 WB EXIT15 OFF RAMP TO KY864,38.1281542,-85.60628077,15.697,6/3/23 0:00,542,1,1,0,0,CLEAR,DRY,FALSE,OTHER ROADWAY OR MID-BLOCK COLLISION,SINGLE VEHICLE,CURVE & GRADE,DARK-HWY LIGHTED/ON,,,6/5/23 9:53,FALSE,5141,Accepted
31721315,1050100,GEORGETOWN POLICE DEPARTMENT,Accepted,SCOTT,I 0075,,I75 N,,,,,,,,,38.22965403,-84.54017741,125.846,6/2/23 0:00,1737,3,3,0,0,CLEAR,DRY,FALSE,SIDESWIPE COLLISION - SAME DIRECTION,SIDESWIPE-SAME DIRECTION,STRAIGHT & LEVEL,DAYLIGHT,,,6/4/23 20:31,FALSE,847,Accepted
32181632,470100,ELIZABETHTOWN POLICE DEPT.,Accepted,HARDIN,KY0251,,MILES,ST,N,,PANTHER,,,,,37.70558792,-85.85555459,0.76,6/1/23 0:00,1105,2,2,0,1,CLEAR,DRY,FALSE,ANGLE COLLISION - OTHER,ANGLE,STRAIGHT & LEVEL,DAYLIGHT,,,9/12/23 15:00,FALSE,129,Accepted
31709606,300100,OWENSBORO POLICE DEPARTMENT,Accepted,DAVIESS,,,3RD,ST,W,,CASTLEN,,,,,37.7727676,-87.12929699,0.407,6/1/23 0:00,1052,2,2,0,0,CLEAR,DRY,FALSE,ANGLE COLLISION - OTHER,ANGLE,STRAIGHT & LEVEL,DAYLIGHT,,,6/1/23 15:17,FALSE,290,Accepted
31714232,80000,BOONE COUNTY SHERIFF DEPT.,Accepted,BOONE,KY0338,,RICHWOOD,RD,,I 0075,I75 N EXIT175 OFF RAMP TO  RICHWOOD DR,,,,,38.91776837,-84.62767847,0.186,5/31/23 0:00,1700,2,2,0,0,CLEAR,DRY,FALSE,ANGLE COLLISION - OTHER,ANGLE,CURVE & GRADE,DAYLIGHT,,,6/2/23 15:12,FALSE,3713,Accepted
31707364,568000,LOUISVILLE METRO POLICE DEPT,Accepted,JEFFERSON,KY0841,,GENE SNYDER,FWY,,,,,,,,38.31715663,-85.59163594,35.3,5/31/23 0:00,1045,2,2,0,0,CLEAR,DRY,FALSE,REAR END IN TRAFFIC LANES BOTH VEHICLES MOVING,REAR END,STRAIGHT & LEVEL,DAYLIGHT,,,6/1/23 7:24,FALSE,7316,Accepted
31711642,410100,WILLIAMSTOWN POLICE DEPARTMENT,Accepted,GRANT,I 0075,,I75 S,,,,,,,,,38.60819792,-84.57709809,152.94,5/31/23 0:00,2217,2,2,0,0,CLEAR,DRY,FALSE,SIDESWIPE COLLISION - SAME DIRECTION,SIDESWIPE-SAME DIRECTION,STRAIGHT & LEVEL,DARK-HWY NOT LIGHTED,,,6/2/23 2:16,FALSE,W409,Accepted
31707396,568000,LOUISVILLE METRO POLICE DEPT,Accepted,JEFFERSON,I 0264,,I264 WB,,,,,,,,,38.26909985,-85.80809691,0.576,5/31/23 0:00,1447,2,2,0,0,CLEAR,DRY,FALSE,SIDESWIPE COLLISION - SAME DIRECTION,SIDESWIPE-SAME DIRECTION,STRAIGHT & LEVEL,DAYLIGHT,,,6/1/23 7:26,FALSE,8410,Accepted
31702022,568000,LOUISVILLE METRO POLICE DEPT,Accepted,JEFFERSON,I 0265,,I265 S,,,I 0064,I64 W EXIT19A RAMP TO I265 S,,,,,38.22323967,-85.50569029,25.481,5/30/23 0:00,1005,2,2,0,0,CLEAR,DRY,FALSE,SIDESWIPE-SAME DIRECTION,SIDESWIPE-SAME DIRECTION,STRAIGHT & LEVEL,DAYLIGHT,,,5/31/23 7:34,FALSE,7316,Accepted
31707549,730000,MCCRACKEN COUNTY SHERIFF DEPT.,Accepted,MCCRACKEN,,,LAKEVIEW,DR,,KY1286,FRIENDSHIP,,,,,37.04106393,-88.66478808,0.001,5/30/23 0:00,1454,2,2,0,0,CLOUDY,DRY,FALSE,OTHER INTERSECTION COLLISIONS,REAR TO REAR,STRAIGHT & LEVEL,DAYLIGHT,,,6/1/23 8:09,FALSE,26,Accepted
31701999,568000,LOUISVILLE METRO POLICE DEPT,Accepted,JEFFERSON,US0150,,BROADWAY,,W,,,,17TH,,18TH,38.24872083,-85.7802603,1.17,5/30/23 0:00,958,2,2,0,0,CLOUDY,DRY,FALSE,1 VEHICLE PARKED POSITION (NOT PARKING LOT/DRIVEWAY),HEAD ON,STRAIGHT & LEVEL,DAYLIGHT,,,5/31/23 7:31,FALSE,7957,Accepted
31695549,568000,LOUISVILLE METRO POLICE DEPT,Accepted,JEFFERSON,KY1450,,BLUE LICK,RD,,,WHITEOAK PARK,,,,,38.11851111,-85.68950214,2.325,5/28/23 0:00,2230,2,2,0,0,CLOUDY,DRY,FALSE,HEAD-ON COLLISION,HEAD ON,STRAIGHT & LEVEL,DARK (UNKNOWN ROADWAY LIGHTING),,,5/30/23 8:02,FALSE,5525,Accepted
31713340,90000,BOURBON COUNTY SHERIFF DEPT.,Accepted,BOURBON,US0460,,GEORGETOWN,RD,,,,,,,,38.22298294,-84.37828593,2.133,5/28/23 0:00,830,2,2,0,0,CLOUDY,WET,FALSE,SIDESWIPE COLLISION - OPPOSITE DIRECTION,SIDESWIPE-OPPOSITE DIRECTION,STRAIGHT & HILLCREST,DAYLIGHT,,,6/2/23 11:42,FALSE,806,Accepted