IncidentID,AgencyORI,AgencyName,IncidentStatusDesc,County,RdwyNumber,Street,RoadwayName,StreetSfx,StreetDir,IntersectionRdwy,IntersectionRdwyName,BetweenStRdwy1,BetweenStRdwyName1,BetweenStRdwy2,BetweenStRdwyName2,Latitude,Longitude,Milepoint,CollisionDate,CollisionTime,UnitsInvolved,MotorVehiclesInvolved,NumberKilled,NumberInjured,Weather,RdwyConditionCode,HitandRun,DirAnalysisCode,MannerofCollision,RdwyCharacter,LightCondition,RampFromRdwyId,RampToRdwyId,AcceptedDate,IsSecondaryCollision,OwnerBadge,IncidentStatus
31690705,930400,OLDHAM COUNTY POLICE DEPT.,Accepted,OLDHAM,I 0071,,I71 S,,,,,I 0071,I71 S EXIT22 ON RAMP FROM KY53,I 0071,I71 S EXIT19 OFF RAMP TO KY393,38.38158937,-85.41974772,19.057,5/26/23 0:00,1822,2,2,0,0,CLEAR,DRY,FALSE,SIDESWIPE COLLISION - SAME DIRECTION,SIDESWIPE-SAME DIRECTION,STRAIGHT & LEVEL,DAYLIGHT,,,5/29/23 4:34,FALSE,3117,Accepted
31695339,568000,LOUISVILLE METRO POLICE DEPT,Accepted,JEFFERSON,I 0265,,I265 E,,,,,,,,,38.20852954,-85.50682462,24.497,5/26/23 0:00,913,2,2,0,0,CLEAR,DRY,FALSE,OTHER ROADWAY OR MID-BLOCK COLLISION,REAR END,STRAIGHT & HILLCREST,DAYLIGHT,,,5/30/23 7:51,FALSE,4903,Accepted
31692958,190200,CAMPBELL COUNTY POLICE DEPT.,Accepted,CAMPBELL,I 0275,,I275 E,,,,,I 0275,I275 TURN AROUND73,I 0275,I275 TURN AROUND73,39.05667202,-84.43117296,73.24,5/25/23 0:00,1809,2,2,0,0,CLEAR,DRY,FALSE,OTHER ROADWAY OR MID-BLOCK COLLISION,REAR END,STRAIGHT & LEVEL,DAYLIGHT,,,5/29/23 19:28,FALSE,25,Accepted
31681024,568000,LOUISVILLE METRO POLICE DEPT,Accepted,JEFFERSON,I 0064,,I64 EB,,,,,,,,,38.22277859,-85.51406395,18.517,5/25/23 0:00,1313,5,5,0,0,CLEAR,DRY,FALSE,OTHER ROADWAY OR MID-BLOCK COLLISION,REAR END,STRAIGHT & LEVEL,DAYLIGHT,,,5/26/23 7:26,FALSE,7751,Accepted
31685074,250100,WINCHESTER POLICE DEPARTMENT,Accepted,CLARK,KY1958,,BYPASS,RD,,,BROOKS PLACE,,,,,37.99002953,-84.21056723,3.544,5/25/23 0:00,1900,2,2,0,0,CLEAR,DRY,FALSE,OTHER INTERSECTION COLLISIONS,REAR END,STRAIGHT & GRADE,DAYLIGHT,,,5/27/23 6:26,FALSE,21073,Accepted
31698361,830000,MENIFEE COUNTY SHERIFF DEPT.,Accepted,MENIFEE,US0460,,MAIN,ST,,,,,,,,37.95227366,-83.64649755,7.526,5/25/23 0:00,1550,1,1,0,0,CLEAR,DRY,FALSE,OTHER ROADWAY OR MID-BLOCK COLLISION,SINGLE VEHICLE,STRAIGHT & LEVEL,DAYLIGHT,,,5/30/23 15:00,FALSE,304,Accepted
31730145,110000,BOYLE COUNTY SHERIFF'S OFFICE,Accepted,BOYLE,,128,ALLISON,CIR,,,,,,,,37.57731111,-84.802812,0.035,5/24/23 0:00,956,2,2,0,0,CLEAR,DRY,FALSE,1 VEHICLE PARKED POSITION (NOT PARKING LOT/DRIVEWAY),BACKING,STRAIGHT & LEVEL,DAYLIGHT,,,6/6/23 13:23,FALSE,26,Accepted
31675646,568000,LOUISVILLE METRO POLICE DEPT,Accepted,JEFFERSON,I 0264,,I264 E,,,,,I 0264,I264 E EXIT18 ON RAMP FROM KY1932 N,I 0264,I264 E EXIT18 TRANSIT,38.23000549,-85.63279682,18.138,5/24/23 0:00,2155,2,2,0,0,CLEAR,DRY,TRUE,REAR END IN TRAFFIC LANES BOTH VEHICLES MOVING,REAR END,STRAIGHT & LEVEL,DARK-HWY LIGHTED/ON,,,5/25/23 7:29,FALSE,6129,Accepted
31692373,80000,BOONE COUNTY SHERIFF DEPT.,Accepted,BOONE,KY0236,1379,DONALDSON,HWY,,,,,,,,39.04650471,-84.64131169,1.726,5/23/23 0:00,1338,2,2,0,0,CLEAR,DRY,TRUE,REAR END IN TRAFFIC LANES BOTH VEHICLES MOVING,REAR END,STRAIGHT & LEVEL,DAYLIGHT,,,5/29/23 16:31,FALSE,3707,Accepted
31667886,340200,LEXINGTON POLICE DEPARTMENT,Accepted,FAYETTE,KY0004,,NEW CIRCLE,RD,E,,,,SUNSHINE,,FLOYD,38.05007407,-84.45513605,12.229,5/23/23 0:00,1235,2,2,0,0,CLEAR,DRY,FALSE,1 VEHICLE ENTERING/LEAVING ENTRANCE,ANGLE,STRAIGHT & LEVEL,DAYLIGHT,,,5/23/23 17:08,FALSE,59791,Accepted
31747957,540000,HOPKINS COUNTY SHERIFF DEPT.,Accepted,HOPKINS,I 0069,,I69 N,,,,,,,,,37.30827705,-87.46717496,112.863,5/23/23 0:00,2147,2,2,0,1,CLEAR,DRY,FALSE,1 VEHICLE ENTERING/LEAVING ENTRANCE,ANGLE,STRAIGHT & LEVEL,DARK-HWY NOT LIGHTED,,,6/10/23 3:57,FALSE,315,Accepted
31665930,1180000,WHITLEY COUNTY SHERIFF DEPT.,Accepted,WHITLEY,US0025W,,CUMBERLAND FALLS,HWY,,,,,,,,36.86503174,-84.22242542,23.08,5/23/23 0:00,928,2,2,0,0,CLEAR,DRY,FALSE,OTHER ROADWAY OR MID-BLOCK COLLISION,REAR END,STRAIGHT & HILLCREST,DAYLIGHT,,,5/23/23 10:24,FALSE,307,Accepted
31673598,80000,BOONE COUNTY SHERIFF DEPT.,Accepted,BOONE,I 0075,,,,,,,,,,,38.91487379,-84.62855188,0.026,5/23/23 0:00,626,1,1,0,1,CLEAR,DRY,FALSE,OTHER COLLISIONS ON SHOULDER,SINGLE VEHICLE,STRAIGHT & LEVEL,DAWN,,,5/24/23 20:15,FALSE,3726,Accepted
31692926,760200,RICHMOND POLICE DEPARTMENT,Accepted,MADISON,I 0075,,I75 N,,,,,,,,,37.65830212,-84.31076005,81.716,5/23/23 0:00,1423,2,2,0,0,CLEAR,DRY,FALSE,SIDESWIPE COLLISION - SAME DIRECTION,SIDESWIPE-SAME DIRECTION,STRAIGHT & LEVEL,DAYLIGHT,,,5/29/23 19:20,FALSE,9362,Accepted
31701533,1050100,GEORGETOWN POLICE DEPARTMENT,Accepted,SCOTT,I 0075,,I75 N,,,,,,,,,38.30907727,-84.55856938,131.481,5/22/23 0:00,2100,2,2,0,0,CLEAR,DRY,FALSE,SIDESWIPE COLLISION - SAME DIRECTION,SIDESWIPE-SAME DIRECTION,STRAIGHT & LEVEL,DARK-HWY LIGHTED/ON,,,5/31/23 5:23,FALSE,834,Accepted
31670443,568000,LOUISVILLE METRO POLICE DEPT,Accepted,JEFFERSON,I 0064,,I64 WB,,,,,,,,,38.27537233,-85.81738491,0.531,5/22/23 0:00,1800,2,2,0,0,CLEAR,DRY,TRUE,REAR END IN TRAFFIC LANES BOTH VEHICLES MOVING,REAR END,CURVE & LEVEL,DAYLIGHT,,,5/24/23 7:35,FALSE,5282,Accepted
31659695,568000,LOUISVILLE METRO POLICE DEPT,Accepted,JEFFERSON,I 0265,,I265 WB,,,,,,,,,38.14207352,-85.57657738,17.566,5/21/23 0:00,1056,2,2,0,0,CLEAR,DRY,FALSE,REAR END IN TRAFFIC LANES BOTH VEHICLES MOVING,REAR END,STRAIGHT & LEVEL,DAYLIGHT,,,5/22/23 8:05,FALSE,2321,Accepted
31658420,930400,OLDHAM COUNTY POLICE DEPT.,Accepted,OLDHAM,I 0071,,I71 SB,,,,,,,,,38.39689582,-85.37963919,21.457,5/21/23 0:00,1050,2,2,0,0,CLEAR,DRY,FALSE,REAR END IN TRAFFIC LANES BOTH VEHICLES MOVING,REAR END,STRAIGHT & LEVEL,DAYLIGHT,,,5/22/23 1:43,FALSE,3060,Accepted
31659663,568000,LOUISVILLE METRO POLICE DEPT,Accepted,JEFFERSON,I 0265,,I265 EB,,,,,,,,,38.12668559,-85.6083257,15.561,5/21/23 0:00,526,2,2,0,0,CLEAR,DRY,FALSE,REAR END IN TRAFFIC LANES BOTH VEHICLES MOVING,REAR END,STRAIGHT & LEVEL,DARK-HWY NOT LIGHTED,,,5/22/23 8:03,FALSE,5492,Accepted
31658423,930400,OLDHAM COUNTY POLICE DEPT.,Accepted,OLDHAM,I 0071,,I71 SB,,,,,,,,,38.3978663,-85.37800127,21.567,5/21/23 0:00,1346,2,2,0,0,CLEAR,DRY,FALSE,SIDESWIPE COLLISION - SAME DIRECTION,SIDESWIPE-SAME DIRECTION,STRAIGHT & LEVEL,DAYLIGHT,,,5/22/23 1:44,FALSE,3060,Accepted
31659652,568000,LOUISVILLE METRO POLICE DEPT,Accepted,JEFFERSON,I 0265,,I265 EB,,,,,I 0265,I265 EB EXIT15 ON RAMP FROM KY864,I 0265,I265 EB EXIT17 OFF RAMP TO US31E,38.12677647,-85.60801855,15.578,5/20/23 0:00,1220,2,2,0,0,CLEAR,DRY,TRUE,SIDESWIPE COLLISION - SAME DIRECTION,SIDESWIPE-SAME DIRECTION,STRAIGHT & LEVEL,DAYLIGHT,,,5/22/23 8:02,FALSE,2321,Accepted
31672191,760100,BEREA POLICE DEPARTMENT,Accepted,MADISON,I 0075,,I75 N,,,,,,,,,37.59570365,-84.31408708,77.383,5/20/23 0:00,1034,1,1,0,0,RAINING,WET,FALSE,COLLISION WITH FIXED OBJECT NON - INTERSECTION - FIRST EVENT COLLISION 09 - 32 EXCLUDING 16,SINGLE VEHICLE,STRAIGHT & LEVEL,DAYLIGHT,,,5/24/23 14:46,FALSE,2535BM,Accepted
31681165,930400,OLDHAM COUNTY POLICE DEPT.,Accepted,OLDHAM,I 0071,,I71 SB,,,,,,,,,38.41148954,-85.34922503,23.364,5/20/23 0:00,1248,2,2,0,0,CLOUDY,DRY,FALSE,REAR END IN TRAFFIC LANES BOTH VEHICLES MOVING,REAR END,STRAIGHT & LEVEL,DAYLIGHT,,,5/26/23 7:58,FALSE,3060,Accepted
31679182,760100,BEREA POLICE DEPARTMENT,Accepted,MADISON,KY1016,,KY1016,,,,,,,,,37.59211607,-84.26145728,1.738,5/20/23 0:00,2228,2,2,0,0,CLEAR,DRY,FALSE,1 VEHICLE PARKED POSITION (NOT PARKING LOT/DRIVEWAY),HEAD ON,STRAIGHT & LEVEL,DARK-HWY NOT LIGHTED,,,5/25/23 19:58,FALSE,1449AD,Accepted
31665967,570200,WILMORE POLICE DEPARTMENT,Accepted,JESSAMINE,KY1268,,MAIN,ST,W,,,,,,,37.86097473,-84.66251389,12.779,5/19/23 0:00,1614,2,2,0,0,CLEAR,DRY,FALSE,VEHICLE BACKING NON INTERSECTION,BACKING,STRAIGHT & LEVEL,DAYLIGHT,,,5/23/23 10:29,FALSE,217,Accepted
31660567,591000,LAKESIDE PK/CRESTVIEW HILLS PD,Accepted,KENTON,I 0275,,I275 E,,,,,,,,,39.03017631,-84.58088336,82.717,5/19/23 0:00,1843,2,2,0,1,CLEAR,DRY,FALSE,REAR END IN TRAFFIC LANES BOTH VEHICLES MOVING,REAR END,STRAIGHT & LEVEL,DAYLIGHT,,,5/22/23 10:58,FALSE,1403,Accepted
31696026,KSP1100,KY STATE POLICE POST 11,Accepted,ROCKCASTLE,I 0075,,I75 S,,,,,,,,,37.5358236,-84.32091748,73.241,5/19/23 0:00,1250,1,1,0,0,CLEAR,DRY,FALSE,COLLISION WITH FIXED OBJECT NON - INTERSECTION - FIRST EVENT COLLISION 09 - 32 EXCLUDING 16,SINGLE VEHICLE,STRAIGHT & LEVEL,DAYLIGHT,,,5/30/23 9:00,FALSE,289,Accepted
31650181,568000,LOUISVILLE METRO POLICE DEPT,Accepted,JEFFERSON,I 0265,,I265 E,,,,,I 0265,I265 E EXIT15 ON RAMP FROM KY864,I 0265,I265 E EXIT17 OFF RAMP TO US31E,38.1304992,-85.60276337,15.963,5/18/23 0:00,2140,2,2,0,0,CLEAR,DRY,FALSE,REAR END IN TRAFFIC LANES BOTH VEHICLES MOVING,REAR END,CURVE & HILLCREST,DARK-HWY NOT LIGHTED,,,5/19/23 8:29,FALSE,6028,Accepted
31646435,330000,ESTILL COUNTY SHERIFF DEPT.,Accepted,ESTILL,KY0052,,RICHMOND,RD,,,,,,,,37.70482623,-84.06748651,1.937,5/17/23 0:00,1444,2,2,0,0,CLEAR,DRY,FALSE,REAR END IN TRAFFIC LANES BOTH VEHICLES MOVING,REAR END,STRAIGHT & LEVEL,DAYLIGHT,,,5/18/23 13:56,FALSE,SO1,Accepted
32310079,70000,BELL COUNTY SHERIFF DEPARTMENT,Accepted,BELL,US0119,,US119,,,,,,,,,36.72299371,-83.62567217,5.067,5/17/23 0:00,1444,2,2,0,0,CLEAR,DRY,FALSE,REAR END IN TRAFFIC LANES BOTH VEHICLES MOVING,REAR END,STRAIGHT & LEVEL,DAYLIGHT,,,10/10/23 0:16,FALSE,406,Accepted
31760047,490000,HARRISON COUNTY SHERIFF DEPT.,Accepted,HARRISON,KY0353,,KY353,,,,,,,,,38.32555879,-84.36032556,2.101,5/17/23 0:00,1624,2,2,0,0,CLEAR,DRY,TRUE,COLLISION WITH NON-FIXED OBJECT ,ANGLE,STRAIGHT & LEVEL,DAYLIGHT,,,6/13/23 10:26,FALSE,396,Accepted
31648200,80200,FLORENCE POLICE DEPARTMENT,Accepted,BOONE,KY0842,,HOUSTON,RD,,,VANDERCAR,,,,,39.00816677,-84.64968833,5.405,5/17/23 0:00,1955,2,2,0,1,CLEAR,DRY,FALSE,OTHER INTERSECTION COLLISIONS,REAR END,STRAIGHT & LEVEL,DAYLIGHT,,,5/18/23 21:04,FALSE,46,Accepted
31716255,830000,MENIFEE COUNTY SHERIFF DEPT.,Accepted,MENIFEE,US0460,,US460,,E,,ROBINFIELD,,,,,37.91464557,-83.55503404,14.676,5/17/23 0:00,1130,3,1,0,0,CLOUDY,DRY,FALSE,SIDESWIPE-SAME DIRECTION,SIDESWIPE-SAME DIRECTION,STRAIGHT & LEVEL,DAYLIGHT,,,6/3/23 3:02,TRUE,303,Accepted
31644933,568000,LOUISVILLE METRO POLICE DEPT,Accepted,JEFFERSON,I 0265,,I265 EB,,,,,,,,,38.21774872,-85.50597455,25.135,5/17/23 0:00,730,2,2,0,0,CLEAR,DRY,FALSE,SIDESWIPE COLLISION - SAME DIRECTION,SIDESWIPE-SAME DIRECTION,STRAIGHT & GRADE,DAYLIGHT,,,5/18/23 8:19,FALSE,7369,Accepted
31724706,580000,JOHNSON COUNTY SHERIFF DEPT.,Accepted,JOHNSON,KY2039,,KY2039,,,,,,,,,37.80072828,-82.85314063,1.679,5/16/23 0:00,812,2,2,0,0,RAINING,WET,FALSE,SIDESWIPE COLLISION - SAME DIRECTION,SIDESWIPE-SAME DIRECTION,STRAIGHT & LEVEL,DAYLIGHT,,,6/5/23 11:44,FALSE,1,Accepted
31637686,760100,BEREA POLICE DEPARTMENT,Accepted,MADISON,I 0075,,I75 N,,,,,,,,,37.60192419,-84.31422057,77.81,5/16/23 0:00,816,2,2,0,0,CLEAR,DRY,FALSE,REAR END IN TRAFFIC LANES BOTH VEHICLES MOVING,REAR END,STRAIGHT & LEVEL,DAYLIGHT,,,5/16/23 17:55,FALSE,9534SW,Accepted
31653350,760100,BEREA POLICE DEPARTMENT,Accepted,MADISON,I 0075,,I75 N,,,,,,,,,37.57430496,-84.31410942,75.911,5/15/23 0:00,1808,2,2,0,0,CLEAR,DRY,TRUE,SIDESWIPE COLLISION - SAME DIRECTION,SIDESWIPE-SAME DIRECTION,STRAIGHT & LEVEL,DAYLIGHT,,,5/20/23 1:51,FALSE,1489KM,Accepted
31635247,760200,RICHMOND POLICE DEPARTMENT,Accepted,MADISON,I 0075,,I75 N,,,I 0075,I75 N EXIT83 ON RAMP FROM KY2872,,,,,37.67898521,-84.31238263,83.14,5/15/23 0:00,1346,1,1,0,1,CLEAR,DRY,FALSE,OTHER INTERSECTION COLLISIONS,SINGLE VEHICLE,STRAIGHT & LEVEL,DAYLIGHT,,,5/16/23 8:40,FALSE,9394,Accepted
31632570,80000,BOONE COUNTY SHERIFF DEPT.,Accepted,BOONE,KY0338,,RICHWOOD,RD,,I 0075,I75 N EXIT175 ON RAMP FROM  RICHWOOD DR,,,,,38.91785865,-84.62743969,0.175,5/14/23 0:00,1344,2,2,0,0,CLEAR,DRY,FALSE,SIDESWIPE-SAME DIRECTION,SIDESWIPE-SAME DIRECTION,STRAIGHT & GRADE,DAYLIGHT,,,5/15/23 17:25,FALSE,3306,Accepted
31629600,568000,LOUISVILLE METRO POLICE DEPT,Accepted,JEFFERSON,I 0265,,I265 NB,,,,,,,,,38.22077018,-85.50570532,25.344,5/13/23 0:00,50,1,1,0,0,CLEAR,DRY,FALSE,COLLISION WITH FIXED OBJECT NON - INTERSECTION - FIRST EVENT COLLISION 09 - 32 EXCLUDING 16,SINGLE VEHICLE,STRAIGHT & LEVEL,DARK-HWY NOT LIGHTED,,,5/15/23 8:48,FALSE,5128,Accepted
31626302,760200,RICHMOND POLICE DEPARTMENT,Accepted,MADISON,I 0075,83 NB,I75 N,,,,,,,,,37.6719135,-84.31112215,82.659,5/13/23 0:00,950,1,1,1,0,CLOUDY,DRY,FALSE,COLLISION WITH FIXED OBJECT NON - INTERSECTION - FIRST EVENT COLLISION 09 - 32 EXCLUDING 16,SINGLE VEHICLE,STRAIGHT & LEVEL,DAYLIGHT,,,5/14/23 9:10,FALSE,9402,Accepted
31641097,KSP0700,KY STATE POLICE POST 07,Accepted,MADISON,I 0075,,I75 N,,,,,I 0075,I75 N EXIT77 ON RAMP FROM KY595,I 0075,I75 N EXIT83 OFF RAMP TO KY2872,37.64040153,-84.3151649,80.467,5/12/23 0:00,1515,1,1,0,0,CLEAR,DRY,FALSE,OTHER ROADWAY OR MID-BLOCK COLLISION,SINGLE VEHICLE,STRAIGHT & LEVEL,DAYLIGHT,,,5/17/23 13:57,FALSE,253,Accepted
31629524,568000,LOUISVILLE METRO POLICE DEPT,Accepted,JEFFERSON,I 0064,,I64 EB,,,I 0064,I64 EB EXIT8 ON RAMP FROMGRINSTEAD DR,,,,,38.24546744,-85.69829617,8.238,5/12/23 0:00,2115,2,2,0,0,CLEAR,DRY,FALSE,SIDESWIPE-SAME DIRECTION,SIDESWIPE-SAME DIRECTION,STRAIGHT & LEVEL,DARK-HWY LIGHTED/ON,,,5/15/23 8:43,FALSE,5243,Accepted
31635791,810000,MASON COUNTY SHERIFF,Accepted,MASON,KY0010,,MASON LEWIS,RD,,,,,,,,38.65472504,-83.91906051,2.662,5/11/23 0:00,849,1,1,0,1,CLEAR,DRY,FALSE,OTHER COLLISIONS ON SHOULDER,SINGLE VEHICLE,CURVE & LEVEL,DAYLIGHT,,,5/16/23 10:37,FALSE,64,Accepted
31648500,190200,CAMPBELL COUNTY POLICE DEPT.,Accepted,CAMPBELL,I 0275,,I275 E,,,,,I 0275,I275 TURN AROUND73,,I275 TURN AROUND 72,39.05642798,-84.43220908,,5/11/23 0:00,1605,5,5,0,0,CLEAR,DRY,FALSE,REAR END IN TRAFFIC LANES BOTH VEHICLES MOVING,REAR END,STRAIGHT & LEVEL,DAYLIGHT,,,5/18/23 22:43,FALSE,3,Accepted
31624988,190200,CAMPBELL COUNTY POLICE DEPT.,Accepted,CAMPBELL,I 0275,,I275 E,,,,,,,,,39.05685134,-84.43094992,73.223,5/11/23 0:00,1758,4,4,0,0,CLEAR,DRY,FALSE,REAR END IN TRAFFIC LANES BOTH VEHICLES MOVING,REAR END,STRAIGHT & LEVEL,DAYLIGHT,,,5/13/23 21:59,TRUE,36,Accepted
31671343,690100,STANFORD POLICE DEPARTMENT,Accepted,LINCOLN,KY0078,,MAIN,ST,E,,WHITLEY,,,,,37.53006115,-84.65586681,12.938,5/11/23 0:00,1534,2,2,0,0,CLOUDY,DRY,FALSE,OTHER INTERSECTION COLLISIONS,REAR END,STRAIGHT & LEVEL,DAYLIGHT,,,5/24/23 10:40,FALSE,569,Accepted
31636547,810000,MASON COUNTY SHERIFF,Accepted,MASON,KY0009,,AA,HWY,,,,,,,,38.65624535,-83.89796357,16.126,5/11/23 0:00,1637,2,2,0,0,CLEAR,DRY,FALSE,VEHICLE BACKING NON INTERSECTION,BACKING,STRAIGHT & LEVEL,DAYLIGHT,,,5/16/23 13:45,FALSE,60,Accepted
31630689,340200,LEXINGTON POLICE DEPARTMENT,Accepted,FAYETTE,,351,BOB O LINK,DR,,,,,JACANA,,JACANA,38.02521049,-84.51929689,0.026,5/11/23 0:00,840,2,2,0,0,CLEAR,DRY,FALSE,1 VEHICLE PARKED POSITION (NOT PARKING LOT/DRIVEWAY),BACKING,CURVE & LEVEL,DAYLIGHT,,,5/15/23 11:18,FALSE,56412,Accepted
31635161,568000,LOUISVILLE METRO POLICE DEPT,Accepted,JEFFERSON,I 0265,,I265 NB,,,,,,,,,38.28747314,-85.52415407,31.011,5/11/23 0:00,1629,2,2,0,0,CLOUDY,DRY,FALSE,OTHER ROADWAY OR MID-BLOCK COLLISION,REAR END,STRAIGHT & LEVEL,DAYLIGHT,,,5/16/23 8:24,FALSE,7751,Accepted
31614492,568000,LOUISVILLE METRO POLICE DEPT,Accepted,JEFFERSON,I 0064,,I64 EB,,,,,,,,,38.24775343,-85.70162333,8.001,5/10/23 0:00,1556,2,2,0,0,CLEAR,DRY,FALSE,REAR END IN TRAFFIC LANES BOTH VEHICLES MOVING,REAR END,STRAIGHT & LEVEL,DAYLIGHT,,,5/11/23 7:32,FALSE,7751,Accepted
31659610,568000,LOUISVILLE METRO POLICE DEPT,Accepted,JEFFERSON,I 0064,,I64 E,,,,,,,,,38.24543322,-85.69823117,8.242,5/10/23 0:00,1513,3,3,0,0,CLEAR,DRY,FALSE,REAR END IN TRAFFIC LANES BOTH VEHICLES MOVING,REAR END,STRAIGHT & LEVEL,DAYLIGHT,,,5/22/23 7:58,FALSE,8461,Accepted
31613215,190200,CAMPBELL COUNTY POLICE DEPT.,Accepted,CAMPBELL,I 0275,,I275 E,,,,,I 0275,I275 TURN AROUND73,I 0275,I275 TURN AROUND73,39.05696286,-84.43089594,73.217,5/10/23 0:00,1511,2,2,0,0,CLEAR,DRY,TRUE,REAR END IN TRAFFIC LANES BOTH VEHICLES MOVING,REAR END,STRAIGHT & LEVEL,DAYLIGHT,,,5/10/23 23:27,FALSE,36,Accepted
31613850,340200,LEXINGTON POLICE DEPARTMENT,Accepted,FAYETTE,I 0075,,I75 S,,,,,,,,,37.92628873,-84.37209821,101.189,5/10/23 0:00,2124,2,2,0,0,CLEAR,DRY,FALSE,REAR END IN TRAFFIC LANES BOTH VEHICLES MOVING,REAR END,STRAIGHT & LEVEL,DARK-HWY LIGHTED/ON,,,5/11/23 3:23,FALSE,55492,Accepted
31617145,760100,BEREA POLICE DEPARTMENT,Accepted,MADISON,I 0075,,I75 N,,,,,,,,,37.54393765,-84.31804448,73.818,5/10/23 0:00,1515,2,2,0,0,CLEAR,DRY,FALSE,SIDESWIPE COLLISION - SAME DIRECTION,SIDESWIPE-SAME DIRECTION,STRAIGHT & LEVEL,DAYLIGHT,,,5/11/23 16:53,FALSE,0578JG,Accepted
31636750,110100,DANVILLE POLICE DEPARTMENT,Accepted,BOYLE,US0127,111,4TH,ST,S,,,,,,,37.64543054,-84.77408582,5.366,5/9/23 0:00,1308,2,2,0,0,CLOUDY,DRY,TRUE,1 VEHICLE PARKED POSITION (NOT PARKING LOT/DRIVEWAY),SIDESWIPE-SAME DIRECTION,STRAIGHT & LEVEL,DAYLIGHT,,,5/16/23 14:23,FALSE,739,Accepted
31636107,760200,RICHMOND POLICE DEPARTMENT,Accepted,MADISON,I 0075,,,,,,,,,,,37.67887093,-84.31244929,0.334,5/9/23 0:00,1223,2,2,0,0,CLOUDY,DRY,FALSE,OTHER RAMP RELATED COLLISIONS NOT LISTED ABOVE,SIDESWIPE-SAME DIRECTION,STRAIGHT & LEVEL,DAYLIGHT,KY2872,I 0075,5/16/23 12:06,FALSE,9316,Accepted
31623134,760100,BEREA POLICE DEPARTMENT,Accepted,MADISON,I 0075,,I75 N,,,,,,,,,37.59345622,-84.31406702,77.229,5/9/23 0:00,1746,1,1,0,0,CLEAR,DRY,FALSE,OTHER ROADWAY OR MID-BLOCK COLLISION,SINGLE VEHICLE,STRAIGHT & LEVEL,DAYLIGHT,,,5/13/23 5:04,FALSE,3315MK,Accepted
31623594,570000,JESSAMINE COUNTY SHERIFF DEPT.,Accepted,JESSAMINE,KY0169,,KEENE,RD,,,,,,,,37.93079568,-84.62172194,15.177,5/9/23 0:00,1635,1,1,0,0,CLEAR,DRY,FALSE,OTHER ROADWAY OR MID-BLOCK COLLISION,SINGLE VEHICLE,STRAIGHT & LEVEL,DAYLIGHT,,,5/13/23 11:24,FALSE,720,Accepted
31602865,730100,PADUCAH POLICE DEPARTMENT,Accepted,MCCRACKEN,US0060,,21ST,ST,S,KY0994,MAYFIELD,,,,,37.06906613,-88.61254659,14.299,5/9/23 0:00,12,1,1,0,0,RAINING,WET,FALSE,OTHER INTERSECTION COLLISIONS,SINGLE VEHICLE,STRAIGHT & LEVEL,DARK-HWY LIGHTED/ON,,,5/9/23 3:42,FALSE,384,Accepted
31610123,760200,RICHMOND POLICE DEPARTMENT,Accepted,MADISON,I 0075,,,,,KY2872,I75 S EXIT83 ON RAMP FROM KY2872,,,,,37.66959165,-84.31105046,0.303,5/9/23 0:00,754,2,2,0,0,CLOUDY,DRY,FALSE,OTHER INTERSECTION COLLISIONS,REAR END,STRAIGHT & LEVEL,DAYLIGHT,,,5/10/23 10:30,FALSE,9386,Accepted
31606386,570000,JESSAMINE COUNTY SHERIFF DEPT.,Accepted,JESSAMINE,KY0169,,KEENE,RD,,,,,,,,37.93393024,-84.62540773,15.481,5/9/23 0:00,842,2,2,0,0,CLOUDY,DRY,FALSE,REAR END IN TRAFFIC LANES BOTH VEHICLES MOVING,REAR END,STRAIGHT & LEVEL,DAYLIGHT,,,5/9/23 16:52,FALSE,720,Accepted
31628511,190200,CAMPBELL COUNTY POLICE DEPT.,Accepted,CAMPBELL,I 0275,,I275 E,,,,,,,,,39.05584129,-84.43270915,,5/9/23 0:00,1738,3,3,0,0,CLEAR,DRY,FALSE,OTHER ROADWAY OR MID-BLOCK COLLISION,REAR END,STRAIGHT & LEVEL,DAYLIGHT,,,5/15/23 3:28,FALSE,7,Accepted
31605265,130100,JACKSON POLICE DEPARTMENT,Accepted,BREATHITT,,KY HWY 15,FIRE STATION,DR,,,,,,,,37.55840197,-83.38677521,0.021,5/8/23 0:00,1200,2,2,0,0,CLEAR,DRY,FALSE,REAR END IN TRAFFIC LANES BOTH VEHICLES MOVING,REAR END,STRAIGHT & LEVEL,DAYLIGHT,,,5/9/23 13:38,FALSE,405,Accepted
31619018,570000,JESSAMINE COUNTY SHERIFF DEPT.,Accepted,JESSAMINE,KY0169,,KEENE,RD,,,HOLLOWAY,,,,,37.92947291,-84.62017697,15.048,5/8/23 0:00,1153,1,1,0,0,CLEAR,DRY,FALSE,OTHER INTERSECTION COLLISIONS,SINGLE VEHICLE,STRAIGHT & LEVEL,DAYLIGHT,,,5/12/23 6:06,FALSE,792,Accepted