IncidentID,AgencyORI,AgencyName,IncidentStatusDesc,County,RdwyNumber,Street,RoadwayName,StreetSfx,StreetDir,IntersectionRdwy,IntersectionRdwyName,BetweenStRdwy1,BetweenStRdwyName1,BetweenStRdwy2,BetweenStRdwyName2,Latitude,Longitude,Milepoint,CollisionDate,CollisionTime,UnitsInvolved,MotorVehiclesInvolved,NumberKilled,NumberInjured,Weather,RdwyConditionCode,HitandRun,DirAnalysisCode,MannerofCollision,RdwyCharacter,LightCondition,RampFromRdwyId,RampToRdwyId,AcceptedDate,IsSecondaryCollision,OwnerBadge,IncidentStatus
32310033,70000,BELL COUNTY SHERIFF DEPARTMENT,Accepted,BELL,US0025E,,ROBERT L MADON,BYP,,,,,,,,36.76326287,-83.69349476,13.445,5/8/23 0:00,1230,2,2,0,0,CLEAR,DRY,FALSE,SIDESWIPE COLLISION - SAME DIRECTION,SIDESWIPE-SAME DIRECTION,STRAIGHT & LEVEL,DAYLIGHT,,,10/10/23 0:13,FALSE,406,Accepted
31641486,1050100,GEORGETOWN POLICE DEPARTMENT,Accepted,SCOTT,I 0075,,I75 N,,,I 0075,I75 N EXIT126 ON RAMP FROM  CHERRY BLOSSOM WAY,,,,,38.2287521,-84.53978462,125.78,5/7/23 0:00,1223,2,2,0,0,CLOUDY,DRY,FALSE,SIDESWIPE-SAME DIRECTION,SIDESWIPE-SAME DIRECTION,STRAIGHT & GRADE,DAYLIGHT,,,5/17/23 14:57,FALSE,827,Accepted
31594912,90100,PARIS POLICE DEPARTMENT,Accepted,BOURBON,US0068X,720,HIGH,ST,,,,,,,,38.21014879,-84.25272807,1.51,5/6/23 0:00,1116,1,1,0,0,CLOUDY,DRY,FALSE,RAN OFF ROADWAY (1 VEHICLE WITH/EARTH EMBANKMENT/DITCH),SINGLE VEHICLE,STRAIGHT & LEVEL,DAYLIGHT,,,5/7/23 8:54,FALSE,508,Accepted
31595611,80000,BOONE COUNTY SHERIFF DEPT.,Accepted,BOONE,KY0338,281,RICHWOOD,RD,,I 0075,I75 S EXIT175 ON RAMP FROM  RICHWOOD DR,,,,,38.91678776,-84.6319095,0.436,5/6/23 0:00,2330,1,1,0,0,CLEAR,DRY,FALSE,OTHER INTERSECTION COLLISIONS,SINGLE VEHICLE,STRAIGHT & LEVEL,DARK-HWY LIGHTED/OFF,,,5/7/23 17:15,FALSE,3729,Accepted
31613462,760100,BEREA POLICE DEPARTMENT,Accepted,MADISON,I 0075,,I75 S,,,,,,,,,37.65598141,-84.3128114,81.59,5/5/23 0:00,1859,2,2,0,0,CLEAR,DRY,FALSE,SIDESWIPE COLLISION - SAME DIRECTION,SIDESWIPE-SAME DIRECTION,STRAIGHT & LEVEL,DAYLIGHT,,,5/11/23 0:42,FALSE,1489KM,Accepted
31592245,470000,HARDIN COUNTY SHERIFF DEPT.,Accepted,HARDIN,I 0065,86 MM,I65 S,,,,,,,,,37.61704692,-85.86430094,87.139,5/5/23 0:00,1512,2,2,0,0,CLEAR,DRY,FALSE,SIDESWIPE COLLISION - SAME DIRECTION,SIDESWIPE-SAME DIRECTION,STRAIGHT & LEVEL,DAYLIGHT,,,5/6/23 10:54,TRUE,995,Accepted
31598946,470000,HARDIN COUNTY SHERIFF DEPT.,Accepted,HARDIN,I 0065,,I65 S,,,,,,,,,37.61566074,-85.86471471,87.043,5/5/23 0:00,1434,5,5,0,0,CLEAR,DRY,TRUE,REAR END IN TRAFFIC LANES BOTH VEHICLES MOVING,REAR END,STRAIGHT & LEVEL,DAYLIGHT,,,5/8/23 10:33,FALSE,958,Accepted
32924585,190200,CAMPBELL COUNTY POLICE DEPT.,Accepted,CAMPBELL,I 0275,,I275 E,,,,,,I275 TURN AROUND 73,,STATE LINE,39.05600285,-84.43293028,,5/5/23 0:00,1624,8,8,0,2,CLEAR,DRY,FALSE,REAR END IN TRAFFIC LANES BOTH VEHICLES MOVING,REAR END,STRAIGHT & LEVEL,DAYLIGHT,,,3/1/24 14:29,TRUE,41,Accepted
31872857,470000,HARDIN COUNTY SHERIFF DEPT.,Accepted,HARDIN,I 0065,,I65 S,,,,,,,,,37.6166756,-85.86443192,87.113,5/5/23 0:00,1436,3,1,0,0,CLEAR,DRY,FALSE,REAR END IN TRAFFIC LANES BOTH VEHICLES MOVING,REAR END,STRAIGHT & LEVEL,DAYLIGHT,,,7/10/23 11:39,TRUE,958,Accepted
31593659,190200,CAMPBELL COUNTY POLICE DEPT.,Accepted,CAMPBELL,I 0275,,I275 E,,,,,,I 275 TURN AROUND 73,,STATE LINE,39.05588209,-84.43300035,,5/5/23 0:00,1650,4,4,0,0,CLEAR,DRY,TRUE,OTHER ROADWAY OR MID-BLOCK COLLISION,REAR END,STRAIGHT & LEVEL,DAYLIGHT,,,5/6/23 23:06,FALSE,41,Accepted
31609340,760000,MADISON COUNTY SHERIFF DEPT.,Accepted,MADISON,I 0075,,I75 N,,,,,,,,,37.63040696,-84.31675071,79.777,5/5/23 0:00,1705,2,2,0,0,CLEAR,DRY,FALSE,1 VEHICLE ENTERING/LEAVING ENTRANCE,ANGLE,STRAIGHT & GRADE,DAYLIGHT,,,5/10/23 8:18,FALSE,2035,Accepted
31605287,760100,BEREA POLICE DEPARTMENT,Accepted,MADISON,I 0075,,I75 N,,,,,,,,,37.60037088,-84.31414017,77.703,5/4/23 0:00,636,2,2,0,0,CLEAR,DRY,TRUE,OTHER ROADWAY OR MID-BLOCK COLLISION,REAR END,STRAIGHT & LEVEL,DAWN,,,5/9/23 13:43,FALSE,0229JB,Accepted
31593657,190200,CAMPBELL COUNTY POLICE DEPT.,Accepted,CAMPBELL,I 0275,,I275 E,,,,,,,,,39.05671607,-84.43129651,73.244,5/4/23 0:00,1737,4,4,0,3,CLEAR,DRY,FALSE,REAR END IN TRAFFIC LANES BOTH VEHICLES MOVING,REAR END,STRAIGHT & LEVEL,DAYLIGHT,,,5/6/23 23:06,FALSE,36,Accepted
31587668,150100,SHEPHERDSVILLE POLICE DEPT.,Accepted,BULLITT,KY0480,,CEDAR GROVE,RD,,,,,MOONEY,,OMEGA,37.98058483,-85.6782535,2.024,5/4/23 0:00,1614,2,2,0,2,CLEAR,DRY,FALSE,REAR END IN TRAFFIC LANES BOTH VEHICLES MOVING,REAR END,STRAIGHT & LEVEL,DAYLIGHT,,,5/5/23 8:42,FALSE,76,Accepted
31588409,568000,LOUISVILLE METRO POLICE DEPT,Accepted,JEFFERSON,I 0265,,I265 N,,,,,I 0265,I265 N EXIT27 OFF RAMP TO US60,I 0265,I265 N EXIT27 ON RAMP FROM US60,38.24167033,-85.50363326,26.791,5/4/23 0:00,1801,2,2,0,0,CLEAR,DRY,FALSE,SIDESWIPE COLLISION - SAME DIRECTION,SIDESWIPE-SAME DIRECTION,STRAIGHT & HILLCREST,DAYLIGHT,,,5/5/23 10:56,FALSE,2109,Accepted
31605296,760100,BEREA POLICE DEPARTMENT,Accepted,MADISON,I 0075,,I75 N,,,,,,,,,37.57210595,-84.31411356,75.714,5/4/23 0:00,1357,2,2,0,0,CLEAR,DRY,FALSE,SIDESWIPE COLLISION - SAME DIRECTION,SIDESWIPE-SAME DIRECTION,STRAIGHT & LEVEL,DAYLIGHT,,,5/9/23 13:44,FALSE,0229JB,Accepted
31605645,80000,BOONE COUNTY SHERIFF DEPT.,Accepted,BOONE,I 0071,,I71 N,,,,,,,,,38.81924571,-84.70161527,70.888,5/4/23 0:00,1241,2,2,0,0,CLEAR,DRY,FALSE,SIDESWIPE COLLISION - SAME DIRECTION,SIDESWIPE-SAME DIRECTION,STRAIGHT & LEVEL,DAYLIGHT,,,5/9/23 14:52,FALSE,3761,Accepted
31581802,80200,FLORENCE POLICE DEPARTMENT,Accepted,BOONE,I 0075,,I75 N,,,,,I 0075,I75 N EXIT180 ON RAMP FROM US42,I 0075,I75 N EXIT181 OFF RAMP TO KY18,38.99022057,-84.64365605,180.402,5/3/23 0:00,459,2,2,0,0,CLEAR,DRY,FALSE,SIDESWIPE COLLISION - SAME DIRECTION,SIDESWIPE-SAME DIRECTION,STRAIGHT & LEVEL,DARK-HWY LIGHTED/ON,,,5/3/23 23:46,FALSE,63,Accepted
31582767,190200,CAMPBELL COUNTY POLICE DEPT.,Accepted,CAMPBELL,I 0275,,I275 E,,,,,I 0275,I275 TURN AROUND73,I 0275,I275 TURN AROUND73,39.05676276,-84.43113216,73.235,5/3/23 0:00,1724,3,3,0,0,CLEAR,DRY,FALSE,REAR END IN TRAFFIC LANES BOTH VEHICLES MOVING,REAR END,STRAIGHT & HILLCREST,DAYLIGHT,,,5/4/23 7:27,FALSE,36,Accepted
31582331,80200,FLORENCE POLICE DEPARTMENT,Accepted,BOONE,I 0075,,I75 S,,,,,,,,,39.00559767,-84.64304908,181.563,5/3/23 0:00,2153,2,2,0,0,CLEAR,DRY,FALSE,REAR END IN TRAFFIC LANES BOTH VEHICLES MOVING,REAR END,STRAIGHT & LEVEL,DAYLIGHT,,,5/4/23 3:23,FALSE,48,Accepted
31595007,760100,BEREA POLICE DEPARTMENT,Accepted,MADISON,I 0075,,,,,,,,,,,37.56635729,-84.31514909,0.227,5/2/23 0:00,847,2,2,0,0,CLEAR,DRY,FALSE,OTHER RAMP RELATED COLLISIONS NOT LISTED ABOVE,SIDESWIPE-SAME DIRECTION,STRAIGHT & LEVEL,DAYLIGHT,KY0021,I 0075,5/7/23 10:18,FALSE,9534SW,Accepted
31619308,760100,BEREA POLICE DEPARTMENT,Accepted,MADISON,I 0075,,,,,,,,,,,37.59382797,-84.31435433,0.241,5/2/23 0:00,1519,3,3,0,0,CLEAR,DRY,FALSE,OTHER RAMP RELATED COLLISIONS NOT LISTED ABOVE,SIDESWIPE-SAME DIRECTION,STRAIGHT & LEVEL,DAYLIGHT,KY0595,I 0075,5/12/23 7:37,FALSE,8448RN,Accepted
31574000,568000,LOUISVILLE METRO POLICE DEPT,Accepted,JEFFERSON,I 0064,,I64 WB,,,,,,,,,38.24110839,-85.68027059,9.118,5/1/23 0:00,1627,2,2,0,0,CLOUDY,DRY,FALSE,OTHER COLLISIONS ON SHOULDER,SIDESWIPE-SAME DIRECTION,STRAIGHT & LEVEL,DAYLIGHT,,,5/2/23 11:57,FALSE,7632,Accepted
31632269,760100,BEREA POLICE DEPARTMENT,Accepted,MADISON,I 0075,,I75 S,,,I 0075,I75 S EXIT77 ON RAMP FROM KY595,,,,,37.59373498,-84.31437415,77.275,5/1/23 0:00,817,2,2,0,0,CLEAR,DRY,FALSE,SIDESWIPE-SAME DIRECTION,SIDESWIPE-SAME DIRECTION,STRAIGHT & LEVEL,DAYLIGHT,,,5/15/23 16:11,FALSE,2535BM,Accepted
31567391,568000,LOUISVILLE METRO POLICE DEPT,Accepted,JEFFERSON,I 0064,,I64 EB,,,,,,,,,38.2786247,-85.82204746,0.161,4/30/23 0:00,1209,2,2,0,0,CLEAR,DRY,FALSE,OTHER ROADWAY OR MID-BLOCK COLLISION,REAR END,STRAIGHT & LEVEL,DAYLIGHT,,,5/1/23 7:54,FALSE,7805,Accepted
31567304,568000,LOUISVILLE METRO POLICE DEPT,Accepted,JEFFERSON,I 0064,,I64 WB,,,,,,,,,38.24455262,-85.69716543,8.13,4/29/23 0:00,1021,2,2,0,0,CLOUDY,DRY,TRUE,REAR END IN TRAFFIC LANES BOTH VEHICLES MOVING,REAR END,CURVE & LEVEL,DAYLIGHT,,,5/1/23 7:50,FALSE,6813,Accepted
31567355,568000,LOUISVILLE METRO POLICE DEPT,Accepted,JEFFERSON,I 0064,,I64 EB,,,,,,,,,38.25866192,-85.7235016,6.537,4/29/23 0:00,1400,2,2,0,0,CLOUDY,DRY,TRUE,REAR END IN TRAFFIC LANES BOTH VEHICLES MOVING,REAR END,STRAIGHT & LEVEL,DAYLIGHT,,,5/1/23 7:53,FALSE,7793,Accepted
31567374,568000,LOUISVILLE METRO POLICE DEPT,Accepted,JEFFERSON,I 0265,,I265 SB,,,,,,,,,38.27837085,-85.50038341,29.322,4/28/23 0:00,1541,5,5,0,1,CLOUDY,DRY,FALSE,REAR END IN TRAFFIC LANES BOTH VEHICLES MOVING,REAR END,STRAIGHT & LEVEL,DAYLIGHT,,,5/1/23 7:54,FALSE,7751,Accepted
31561524,566900,LOUISVILLE AIRPORT POLICE,Accepted,JEFFERSON,,600,TERMINAL,DR,,,,,,,,38.18673817,-85.7462919,0.016,4/28/23 0:00,1225,2,2,0,0,CLEAR,DRY,FALSE,SIDESWIPE COLLISION - SAME DIRECTION,SIDESWIPE-SAME DIRECTION,STRAIGHT & LEVEL,DAYLIGHT,,,4/29/23 7:34,FALSE,5838,Accepted
31619307,760100,BEREA POLICE DEPARTMENT,Accepted,MADISON,I 0075,,I75 S,,,,,,,,,37.68945622,-84.31485024,83.924,4/27/23 0:00,1016,1,1,0,0,CLEAR,DRY,FALSE,OTHER ROADWAY OR MID-BLOCK COLLISION,SINGLE VEHICLE,STRAIGHT & LEVEL,DAYLIGHT,,,5/12/23 7:37,FALSE,8234RW,Accepted
31566238,510100,HENDERSON POLICE DEPARTMENT,Accepted,HENDERSON,,14,US HWY 41 NORTH,,,,,,,,,37.83539681,-87.56490402,,4/27/23 0:00,1225,2,2,0,0,CLEAR,DRY,FALSE,OTHER ROADWAY OR MID-BLOCK COLLISION,REAR END,STRAIGHT & LEVEL,DAYLIGHT,,,5/1/23 1:21,FALSE,82,Accepted
31549938,100100,ASHLAND POLICE DEPARTMENT,Accepted,BOYD,US0023S,100 B;L,13TH,ST,,,,,,,,38.48524586,-82.63965243,0.382,4/26/23 0:00,1153,3,3,0,1,CLEAR,DRY,FALSE,OTHER ROADWAY OR MID-BLOCK COLLISION,REAR END,STRAIGHT & LEVEL,DAYLIGHT,,,4/26/23 16:52,FALSE,8010,Accepted
31552749,568000,LOUISVILLE METRO POLICE DEPT,Accepted,JEFFERSON,I 0064,,I64 E,,,,,,,,,38.25013154,-85.71109542,7.468,4/26/23 0:00,2054,2,2,0,0,CLEAR,DRY,FALSE,REAR END IN TRAFFIC LANES BOTH VEHICLES MOVING,REAR END,STRAIGHT & LEVEL,DARK-HWY LIGHTED/ON,,,4/27/23 8:56,FALSE,5170,Accepted
31630358,340200,LEXINGTON POLICE DEPARTMENT,Accepted,FAYETTE,I 0075,,I75 S,,,,,I 0075,I75 S EXIT115 ON RAMP FROM  NEWTOWN PIKE,I 0075,I75 S EXIT113 OFF RAMP TO US27,38.08490184,-84.46272389,113.626,4/26/23 0:00,1803,2,2,0,0,CLEAR,DRY,TRUE,REAR END IN TRAFFIC LANES BOTH VEHICLES MOVING,REAR END,STRAIGHT & LEVEL,DAYLIGHT,,,5/15/23 10:37,FALSE,56413,Accepted
31567454,150100,SHEPHERDSVILLE POLICE DEPT.,Accepted,BULLITT,KY0480,,CEDAR GROVE,RD,,,,,MOONEY,,HERITAGE HILL,37.97938054,-85.66779094,2.611,4/26/23 0:00,1452,2,2,0,0,CLEAR,DRY,FALSE,SIDESWIPE COLLISION - OPPOSITE DIRECTION,SIDESWIPE-OPPOSITE DIRECTION,STRAIGHT & LEVEL,DAYLIGHT,,,5/1/23 8:01,FALSE,26,Accepted
31553063,KSP1100,KY STATE POLICE POST 11,Accepted,ROCKCASTLE,KY1787,,DISPUTANTA,RD,,,,,,,,37.46642429,-84.23499736,0.322,4/25/23 0:00,1300,2,2,0,0,CLEAR,DRY,FALSE,SIDESWIPE COLLISION - SAME DIRECTION,SIDESWIPE-SAME DIRECTION,STRAIGHT & HILLCREST,DAYLIGHT,,,4/27/23 9:47,FALSE,289,Accepted
31542557,568000,LOUISVILLE METRO POLICE DEPT,Accepted,JEFFERSON,I 0264,,I264 EB,,,I 0264,I264 EB EXIT18 TRANSIT,,,,,38.22808716,-85.63651369,17.896,4/25/23 0:00,533,2,2,0,0,CLEAR,DRY,FALSE,OTHER INTERSECTION COLLISIONS,REAR END,STRAIGHT & LEVEL,DARK-HWY LIGHTED/ON,,,4/25/23 8:33,FALSE,7049,Accepted
31547684,130100,JACKSON POLICE DEPARTMENT,Accepted,BREATHITT,KY0015,,KY15,,,,BREWER,,,,,37.5574176,-83.38718255,17.79,4/25/23 0:00,1759,2,2,0,0,CLEAR,DRY,FALSE,ANGLE COLLISION - OTHER,ANGLE,STRAIGHT & LEVEL,DAYLIGHT,,,4/26/23 8:56,FALSE,403,Accepted
31867981,440000,GREEN COUNTY SHERIFF DEPT.,Accepted,GREEN,US0068,,US68,,,,,,,,,37.22795585,-85.51156331,10.753,4/24/23 0:00,902,2,1,0,1,CLEAR,DRY,FALSE,REAR END IN TRAFFIC LANES BOTH VEHICLES MOVING,REAR END,CURVE & HILLCREST,DAYLIGHT,,,7/9/23 3:03,FALSE,1354,Accepted
31539455,760100,BEREA POLICE DEPARTMENT,Accepted,MADISON,I 0075,,I75 N,,,,,,,,,37.56281282,-84.31528173,75.12,4/23/23 0:00,1411,2,2,0,0,CLEAR,DRY,FALSE,REAR END IN TRAFFIC LANES BOTH VEHICLES MOVING,REAR END,STRAIGHT & LEVEL,DAYLIGHT,,,4/24/23 15:40,FALSE,9534SW,Accepted
31536973,568000,LOUISVILLE METRO POLICE DEPT,Accepted,JEFFERSON,US0031E,,BUECHEL,BYP,,,,KY2052,HIKES,,BUECHEL BYPASS RAMP TO CR 1020G,38.19209292,-85.6546441,10.429,4/22/23 0:00,1412,2,2,0,0,CLEAR,DRY,FALSE,REAR END IN TRAFFIC LANES BOTH VEHICLES MOVING,REAR END,CURVE & HILLCREST,DAYLIGHT,,,4/24/23 8:56,FALSE,7448,Accepted
31529219,80000,BOONE COUNTY SHERIFF DEPT.,Accepted,BOONE,I 0075,,I75 N,,,,,,,,,38.88421653,-84.62579604,173.124,4/21/23 0:00,143,4,4,0,0,CLEAR,DRY,TRUE,OTHER ROADWAY OR MID-BLOCK COLLISION,REAR END,STRAIGHT & LEVEL,DARK-HWY LIGHTED/ON,,,4/21/23 21:39,FALSE,3738,Accepted
31539233,930400,OLDHAM COUNTY POLICE DEPT.,Accepted,OLDHAM,I 0071,,I71 S,,,,,,,,,38.32922764,-85.54406975,11.416,4/21/23 0:00,1722,2,2,0,0,CLEAR,DRY,FALSE,SIDESWIPE COLLISION - SAME DIRECTION,SIDESWIPE-SAME DIRECTION,STRAIGHT & LEVEL,DAYLIGHT,,,4/24/23 15:02,FALSE,3104,Accepted
31530391,760100,BEREA POLICE DEPARTMENT,Accepted,MADISON,I 0075,,I75 S,,,,,,,,,37.60628271,-84.31451608,78.143,4/21/23 0:00,1327,2,2,0,0,CLEAR,DRY,FALSE,SIDESWIPE COLLISION - SAME DIRECTION,SIDESWIPE-SAME DIRECTION,STRAIGHT & LEVEL,DAYLIGHT,,,4/22/23 9:36,FALSE,0578JG,Accepted
31544410,80000,BOONE COUNTY SHERIFF DEPT.,Accepted,BOONE,KY0338,,RICHWOOD,RD,,US0025,DIXIE,,,,,38.91898697,-84.62440124,0.005,4/21/23 0:00,1413,2,2,0,0,CLEAR,DRY,FALSE,OPPOSITE DIRECTION - BOTH VEHICLES GOING STRAIGHT AHEAD,SIDESWIPE-OPPOSITE DIRECTION,STRAIGHT & GRADE,DAYLIGHT,,,4/25/23 15:08,FALSE,3761,Accepted
31573041,260100,MANCHESTER POLICE DEPARTMENT,Accepted,CLAY,US0421,,US421,,S,,,,,,,37.13571702,-83.76017084,16.406,4/20/23 0:00,915,2,2,0,0,CLEAR,DRY,FALSE,1 VEHICLE ENTERING/LEAVING ENTRANCE,ANGLE,CURVE & LEVEL,DAYLIGHT,,,5/2/23 8:58,FALSE,103,Accepted
31537669,960000,PENDLETON CTY SHERIFF DEPT.,Accepted,PENDLETON,US0027,,US27,,,,,,,,,38.80143497,-84.35735542,17.8,4/20/23 0:00,1255,2,2,0,0,CLEAR,DRY,FALSE,REAR END IN TRAFFIC LANES BOTH VEHICLES MOVING,REAR END,STRAIGHT & GRADE,DAYLIGHT,,,4/24/23 10:28,FALSE,201,Accepted
31526964,370000,FRANKLIN COUNTY SHERIFF,Accepted,FRANKLIN,I 0064,,I64 E,,,,,,,,,38.15848164,-84.9005739,52.752,4/19/23 0:00,1220,2,2,0,0,CLEAR,DRY,FALSE,SIDESWIPE COLLISION - SAME DIRECTION,SIDESWIPE-SAME DIRECTION,STRAIGHT & LEVEL,DAYLIGHT,,,4/21/23 10:30,FALSE,1071,Accepted
31513360,710100,RUSSELLVILLE POLICE DEPARTMENT,Accepted,LOGAN,,,6TH,ST,E,,,,,,,36.84573898,-86.87776621,0.523,4/18/23 0:00,1225,2,2,0,0,CLEAR,DRY,FALSE,1 VEHICLE PARKED POSITION (NOT PARKING LOT/DRIVEWAY),SIDESWIPE-OPPOSITE DIRECTION,STRAIGHT & LEVEL,DAYLIGHT,,,4/18/23 17:08,FALSE,806,Accepted
31516501,590100,COVINGTON POLICE DEPARTMENT,Accepted,KENTON,KY0017,1132,GREENUP,ST,,,,,11TH,,BUSH,39.07906849,-84.50559923,23.12,4/18/23 0:00,1205,2,2,0,0,CLEAR,DRY,TRUE,1 VEHICLE PARKED POSITION (NOT PARKING LOT/DRIVEWAY),SIDESWIPE-SAME DIRECTION,STRAIGHT & LEVEL,DAYLIGHT,,,4/19/23 9:53,FALSE,5132,Accepted
31529502,KSP0400,KY STATE POLICE POST 04,Accepted,NELSON,BG9002,,BG9002 E,,,,,,,,,37.75539923,-85.63046198,11.973,4/18/23 0:00,1640,3,1,0,2,CLEAR,DRY,FALSE,OTHER ROADWAY OR MID-BLOCK COLLISION,SINGLE VEHICLE,STRAIGHT & LEVEL,DAYLIGHT,,,4/22/23 0:01,FALSE,571,Accepted
31521476,730000,MCCRACKEN COUNTY SHERIFF DEPT.,Accepted,MCCRACKEN,I 0024,,I24 W,,,,,,,,,37.01053688,-88.57427811,12.067,4/17/23 0:00,732,4,4,0,0,CLEAR,DRY,FALSE,REAR END IN TRAFFIC LANES BOTH VEHICLES MOVING,REAR END,STRAIGHT & LEVEL,DAYLIGHT,,,4/20/23 8:44,FALSE,20,Accepted
31521477,730000,MCCRACKEN COUNTY SHERIFF DEPT.,Accepted,MCCRACKEN,I 0024,,I24 W,,,,,,,,,36.99356317,-88.52922114,14.853,4/17/23 0:00,853,2,2,0,0,CLEAR,DRY,FALSE,REAR END IN TRAFFIC LANES BOTH VEHICLES MOVING,REAR END,CURVE & LEVEL,DAYLIGHT,,,4/20/23 8:44,FALSE,20,Accepted
32529423,430000,GRAYSON COUNTY SHERIFF DEPT.,Accepted,GRAYSON,WK9001,117,WK9001 W,,,,,,,,,37.53993192,-86.13159121,117.754,4/16/23 0:00,1214,1,1,0,0,CLEAR,DRY,FALSE,OTHER ROADWAY OR MID-BLOCK COLLISION,SINGLE VEHICLE,STRAIGHT & LEVEL,DAYLIGHT,,,12/1/23 15:16,FALSE,106,Accepted
31515691,1070100,FRANKLIN POLICE DEPARTMENT,Accepted,SIMPSON,,,LIBERTY,ST,,,CHESTNUT,,,,,36.71846511,-86.58382462,0.223,4/14/23 0:00,900,1,1,0,0,CLEAR,DRY,FALSE,NON-COLLISION OBJECT COLLISION,SINGLE VEHICLE,STRAIGHT & LEVEL,DAYLIGHT,,,4/19/23 7:11,FALSE,919,Accepted
31498443,1050000,SCOTT COUNTY SHERIFF DEPT.,Accepted,SCOTT,I 0075,,I75 N,,,,,,,,,38.44826359,-84.57154365,141.376,4/14/23 0:00,1446,2,2,0,0,CLEAR,DRY,FALSE,REAR END IN TRAFFIC LANES BOTH VEHICLES MOVING,REAR END,STRAIGHT & GRADE,DAYLIGHT,,,4/14/23 23:16,FALSE,231,Accepted
31505280,566700,MIDDLETOWN POLICE DEPARTMENT,Accepted,JEFFERSON,,212,BECKLEY WOODS,DR,,,,,OLD STATION,,BECKLEY VILLAGE,38.24413535,-85.4962534,0.222,4/14/23 0:00,1120,2,2,0,0,CLEAR,DRY,FALSE,1 VEHICLE PARKED POSITION (NOT PARKING LOT/DRIVEWAY),ANGLE,STRAIGHT & LEVEL,DAYLIGHT,,,4/17/23 7:25,FALSE,2002,Accepted
31521751,260100,MANCHESTER POLICE DEPARTMENT,Accepted,CLAY,US0421,,US421,,S,,,,,,,37.13840234,-83.76734674,16.852,4/13/23 0:00,1217,2,2,0,0,CLEAR,DRY,FALSE,1 VEHICLE ENTERING/LEAVING ENTRANCE,ANGLE,STRAIGHT & HILLCREST,DAYLIGHT,,,4/20/23 9:47,FALSE,102,Accepted
31511974,240000,CHRISTIAN COUNTY SHERIFF OFFICE,Accepted,CHRISTIAN,I 0024,,I24 W,,,,,,,,,36.64963175,-87.3539635,92.385,4/13/23 0:00,1057,2,2,0,0,CLEAR,DRY,FALSE,REAR END IN TRAFFIC LANES BOTH VEHICLES MOVING,REAR END,STRAIGHT & LEVEL,DAYLIGHT,,,4/18/23 12:12,FALSE,612,Accepted
31505454,568000,LOUISVILLE METRO POLICE DEPT,Accepted,JEFFERSON,I 0064,,I64 W,,,,,,,,,38.22260041,-85.49777762,19.35,4/13/23 0:00,1247,2,2,0,0,CLEAR,DRY,FALSE,REAR END IN TRAFFIC LANES BOTH VEHICLES MOVING,REAR END,STRAIGHT & LEVEL,DAYLIGHT,,,4/17/23 7:56,FALSE,8461,Accepted
31499641,80000,BOONE COUNTY SHERIFF DEPT.,Accepted,BOONE,KY0236,,DONALDSON,HWY,,,CHERRY TREE,,,,,39.02989721,-84.61830049,0.004,4/13/23 0:00,1524,2,2,0,0,CLEAR,DRY,TRUE,SIDESWIPE-SAME DIRECTION,SIDESWIPE-SAME DIRECTION,STRAIGHT & LEVEL,DAYLIGHT,,,4/15/23 9:25,FALSE,3766,Accepted
31490576,80000,BOONE COUNTY SHERIFF DEPT.,Accepted,BOONE,KY0842,,WEAVER,RD,,,RED MILE TRACE CONN,,,,,38.97238374,-84.65010591,2.309,4/12/23 0:00,1332,2,2,0,0,CLEAR,DRY,FALSE,OTHER INTERSECTION COLLISIONS,REAR END,STRAIGHT & GRADE,DAYLIGHT,,,4/13/23 9:39,FALSE,3207,Accepted
31487834,1180000,WHITLEY COUNTY SHERIFF DEPT.,Accepted,WHITLEY,US0025W,,US25W,,N,,,,,,,36.81861923,-84.20130275,18.904,4/11/23 0:00,1653,2,2,0,0,CLEAR,DRY,FALSE,OTHER ROADWAY OR MID-BLOCK COLLISION,REAR END,STRAIGHT & LEVEL,DAYLIGHT,,,4/12/23 17:56,FALSE,307,Accepted
31487265,80000,BOONE COUNTY SHERIFF DEPT.,Accepted,BOONE,KY0842,,WEAVER,RD,,,,,,CR1005D,EVERGREEN DR CONN,38.97234132,-84.65008969,2.312,4/11/23 0:00,1404,3,3,0,0,CLEAR,DRY,FALSE,OTHER ROADWAY OR MID-BLOCK COLLISION,REAR END,STRAIGHT & HILLCREST,DAYLIGHT,,,4/12/23 16:02,FALSE,3766,Accepted
31490063,568000,LOUISVILLE METRO POLICE DEPT,Accepted,JEFFERSON,I 0264,,I264 W,,,,,,,,,38.21019539,-85.67321954,15.544,4/11/23 0:00,1246,2,2,0,0,CLEAR,DRY,FALSE,SIDESWIPE COLLISION - SAME DIRECTION,SIDESWIPE-SAME DIRECTION,STRAIGHT & LEVEL,DAYLIGHT,,,4/13/23 7:38,FALSE,8461,Accepted
31490824,KSP1300,KY STATE POLICE POST 13,Accepted,LETCHER,KY0007,,KY7,,,,,,,,,37.20323636,-82.8850382,15.58,4/11/23 0:00,1447,3,3,0,0,CLEAR,DRY,FALSE,1 VEHICLE PARKED POSITION (NOT PARKING LOT/DRIVEWAY),SIDESWIPE-SAME DIRECTION,STRAIGHT & LEVEL,DAYLIGHT,,,4/13/23 10:16,FALSE,362,Accepted