IncidentID,AgencyORI,AgencyName,IncidentStatusDesc,County,RdwyNumber,Street,RoadwayName,StreetSfx,StreetDir,IntersectionRdwy,IntersectionRdwyName,BetweenStRdwy1,BetweenStRdwyName1,BetweenStRdwy2,BetweenStRdwyName2,Latitude,Longitude,Milepoint,CollisionDate,CollisionTime,UnitsInvolved,MotorVehiclesInvolved,NumberKilled,NumberInjured,Weather,RdwyConditionCode,HitandRun,DirAnalysisCode,MannerofCollision,RdwyCharacter,LightCondition,RampFromRdwyId,RampToRdwyId,AcceptedDate,IsSecondaryCollision,OwnerBadge,IncidentStatus
31493838,70200,PINEVILLE POLICE DEPARTMENT,Accepted,BELL,US0025E,,ROBERT L MADON,BYP,,,,,,,,36.76339528,-83.70756816,14.315,4/10/23 0:00,854,2,2,0,0,CLEAR,DRY,FALSE,1 VEHICLE PARKED POSITION (NOT PARKING LOT/DRIVEWAY),SIDESWIPE-SAME DIRECTION,STRAIGHT & LEVEL,DAYLIGHT,,,4/13/23 22:38,FALSE,311,Accepted
31482621,760100,BEREA POLICE DEPARTMENT,Accepted,MADISON,I 0075,,I75 S,,,,,,,,,37.55983796,-84.316033,74.923,4/10/23 0:00,1149,2,2,0,0,CLEAR,DRY,FALSE,1 VEHICLE PARKED POSITION (NOT PARKING LOT/DRIVEWAY),SIDESWIPE-SAME DIRECTION,STRAIGHT & LEVEL,DAYLIGHT,,,4/11/23 17:45,FALSE,8448RN,Accepted
31480136,80000,BOONE COUNTY SHERIFF DEPT.,Accepted,BOONE,KY0020,6060,PETERSBURG,RD,,,,,,,,39.06422437,-84.85438935,7.468,4/10/23 0:00,920,2,2,0,0,CLEAR,DRY,TRUE,SIDESWIPE COLLISION - OPPOSITE DIRECTION,SIDESWIPE-OPPOSITE DIRECTION,STRAIGHT & LEVEL,DAYLIGHT,,,4/11/23 8:54,FALSE,3731,Accepted
31473988,570000,JESSAMINE COUNTY SHERIFF DEPT.,Accepted,JESSAMINE,KY0169,3040,KEENE,RD,,,,,,,,37.92057349,-84.60826739,13.983,4/9/23 0:00,900,1,1,0,0,CLOUDY,DRY,FALSE,OTHER COLLISIONS ON SHOULDER,SINGLE VEHICLE,STRAIGHT & GRADE,DAYLIGHT,,,4/10/23 5:08,FALSE,728,Accepted
31480085,470000,HARDIN COUNTY SHERIFF DEPT.,Accepted,HARDIN,I 0065,,I65 N,,,,,,,,,37.57761228,-85.87251754,84.387,4/8/23 0:00,1522,2,2,0,0,CLEAR,DRY,FALSE,SIDESWIPE COLLISION - SAME DIRECTION,SIDESWIPE-SAME DIRECTION,STRAIGHT & LEVEL,DAYLIGHT,,,4/11/23 8:42,FALSE,958,Accepted
31469581,80200,FLORENCE POLICE DEPARTMENT,Accepted,BOONE,KY0018,,BURLINGTON,PIKE,,,,,,,,39.0009239,-84.6446391,15.218,4/7/23 0:00,1440,2,2,0,0,CLEAR,DRY,FALSE,COLLISION WITH FIXED OBJECT NON - INTERSECTION - FIRST EVENT COLLISION 09 - 32 EXCLUDING 16,SIDESWIPE-SAME DIRECTION,STRAIGHT & LEVEL,DAYLIGHT,,,4/8/23 22:08,FALSE,46,Accepted
31510470,760100,BEREA POLICE DEPARTMENT,Accepted,MADISON,I 0075,,I75 N,,,,,,,,,37.59893604,-84.31416274,77.605,4/7/23 0:00,1307,2,2,0,0,CLEAR,DRY,FALSE,OTHER ROADWAY OR MID-BLOCK COLLISION,REAR END,STRAIGHT & LEVEL,DAYLIGHT,,,4/18/23 7:09,FALSE,2535BM,Accepted
31474327,568000,LOUISVILLE METRO POLICE DEPT,Accepted,JEFFERSON,I 0265,,I265 S,,,,,I 0064,I265 S EXIT25B RAMP TO I64 W,I 0265,I265 S EXIT27 ON RAMP FROM US60,38.2288779,-85.50516564,25.871,4/7/23 0:00,1619,3,3,0,0,CLEAR,DRY,FALSE,REAR END IN TRAFFIC LANES BOTH VEHICLES MOVING,REAR END,STRAIGHT & LEVEL,DAYLIGHT,,,4/10/23 6:54,FALSE,2109,Accepted
31474285,568000,LOUISVILLE METRO POLICE DEPT,Accepted,JEFFERSON,I 0265,,I265 S,,,,,,,,,38.26391765,-85.50184577,28.294,4/6/23 0:00,1116,2,2,0,1,CLOUDY,WET,FALSE,REAR END IN TRAFFIC LANES BOTH VEHICLES MOVING,REAR END,STRAIGHT & LEVEL,DAYLIGHT,,,4/10/23 6:51,FALSE,7377,Accepted
31469503,1180100,CORBIN POLICE DEPARTMENT,Accepted,WHITLEY,,,CUMBERLAND FALLS HIGHWAY,,,,KY 3041,,,,,36.92021532,-84.11595249,,4/6/23 0:00,1638,2,2,0,0,CLOUDY,DRY,FALSE,OTHER INTERSECTION COLLISIONS,REAR END,STRAIGHT & LEVEL,DAYLIGHT,,,4/8/23 21:29,FALSE,402,Accepted
31519311,1180100,CORBIN POLICE DEPARTMENT,Accepted,WHITLEY,,,CUMBERLAND FALLS HIGHWAY,,,,KY 3041,,,,,36.92016484,-84.1159536,,4/6/23 0:00,1618,4,1,0,0,CLOUDY,DRY,FALSE,OTHER INTERSECTION COLLISIONS,REAR END,STRAIGHT & LEVEL,DAYLIGHT,,,4/19/23 19:19,FALSE,402,Accepted
31482135,80000,BOONE COUNTY SHERIFF DEPT.,Accepted,BOONE,I 0275,,I275 W,,,,,,,,,39.08773171,-84.75794843,9.706,4/6/23 0:00,1652,2,2,0,0,CLOUDY,DRY,FALSE,OTHER ROADWAY OR MID-BLOCK COLLISION,REAR END,STRAIGHT & LEVEL,DAYLIGHT,,,4/11/23 16:02,FALSE,3765,Accepted
31482132,80000,BOONE COUNTY SHERIFF DEPT.,Accepted,BOONE,I 0275,,I275 W,,,,,,,,,39.0873452,-84.78840366,11.351,4/6/23 0:00,1446,2,2,0,0,CLOUDY,DRY,FALSE,OTHER ROADWAY OR MID-BLOCK COLLISION,REAR TO REAR,STRAIGHT & LEVEL,DAYLIGHT,,,4/11/23 16:02,FALSE,3765,Accepted
31460521,568000,LOUISVILLE METRO POLICE DEPT,Accepted,JEFFERSON,I 0264,,I264 E,,,,,,,,,38.21707372,-85.65978198,16.417,4/5/23 0:00,709,2,2,0,0,CLOUDY,DRY,FALSE,SIDESWIPE COLLISION - SAME DIRECTION,SIDESWIPE-SAME DIRECTION,STRAIGHT & LEVEL,DAYLIGHT,,,4/6/23 9:05,FALSE,6886,Accepted
31474334,568000,LOUISVILLE METRO POLICE DEPT,Accepted,JEFFERSON,I 0071,,I71 S,,,,,,,,,38.31814871,-85.57262485,9.654,4/5/23 0:00,713,2,2,0,0,CLOUDY,DRY,TRUE,SIDESWIPE COLLISION - SAME DIRECTION,SIDESWIPE-SAME DIRECTION,STRAIGHT & LEVEL,DAYLIGHT,,,4/10/23 6:54,FALSE,7720,Accepted
31450618,568000,LOUISVILLE METRO POLICE DEPT,Accepted,JEFFERSON,I 0265,,I265 NB,,,,,,,,,38.28650008,-85.51457544,30.476,4/3/23 0:00,2108,2,2,0,0,CLEAR,DRY,FALSE,SIDESWIPE COLLISION - SAME DIRECTION,SIDESWIPE-SAME DIRECTION,CURVE & HILLCREST,DARK-HWY NOT LIGHTED,,,4/4/23 8:54,FALSE,5533,Accepted
31445065,568000,LOUISVILLE METRO POLICE DEPT,Accepted,JEFFERSON,US0031E,,BUECHEL,BYP,,,,,,,,38.19245488,-85.65498376,10.457,4/2/23 0:00,,1,1,0,0,CLEAR,DRY,TRUE,OTHER ROADWAY OR MID-BLOCK COLLISION,SINGLE VEHICLE,STRAIGHT & LEVEL,DARK-HWY LIGHTED/OFF,,,4/3/23 8:08,FALSE,7739,Accepted
31462582,370000,FRANKLIN COUNTY SHERIFF,Accepted,FRANKLIN,I 0064,,I64 W,,,,,,,,,38.15859949,-84.91162106,52.121,4/2/23 0:00,808,1,1,0,0,CLEAR,DRY,FALSE,COLLISION WITH FIXED OBJECT NON - INTERSECTION - FIRST EVENT COLLISION 09 - 32 EXCLUDING 16,SINGLE VEHICLE,STRAIGHT & LEVEL,DAYLIGHT,,,4/6/23 17:46,FALSE,1446,Accepted
31474946,KSP1100,KY STATE POLICE POST 11,Accepted,PULASKI,KY0461,,KY461,,,,,,,,,37.18791892,-84.47186718,2.436,4/1/23 0:00,1400,1,1,0,0,CLEAR,DRY,FALSE,OTHER ROADWAY OR MID-BLOCK COLLISION,SINGLE VEHICLE,STRAIGHT & LEVEL,DAYLIGHT,,,4/10/23 9:03,FALSE,388,Accepted
31442377,760100,BEREA POLICE DEPARTMENT,Accepted,MADISON,I 0075,,I75 S,,,,,,,,,37.60538672,-84.31474264,78.081,3/31/23 0:00,846,2,2,0,0,RAINING,WET,TRUE,SIDESWIPE COLLISION - SAME DIRECTION,SIDESWIPE-SAME DIRECTION,STRAIGHT & LEVEL,DAWN,,,4/2/23 17:23,FALSE,0229JB,Accepted
31437911,KSP0400,KY STATE POLICE POST 04,Accepted,HARDIN,I 0065,,I65 S,,,,,,,,,37.61665499,-85.86443539,87.112,3/31/23 0:00,1330,2,2,0,0,RAINING,WET,FALSE,REAR END IN TRAFFIC LANES BOTH VEHICLES MOVING,REAR END,STRAIGHT & LEVEL,DAYLIGHT,,,4/1/23 1:41,FALSE,905,Accepted
31429937,1060000,SHELBY COUNTY SHERIFF DEPT.,Accepted,SHELBY,KY0053,,MT EDEN,RD,,,GREENLAND PARK,,,,,38.19165192,-85.21118985,6.594,3/29/23 0:00,1345,2,2,0,0,CLEAR,DRY,FALSE,VEHICLE BACKING IN INTERSECTION,BACKING,STRAIGHT & GRADE,DAYLIGHT,,,3/30/23 9:09,FALSE,36,Accepted
31426467,80200,FLORENCE POLICE DEPARTMENT,Accepted,BOONE,KY0018,,BURLINGTON,PIKE,,I 0075,I75 S EXIT181 ON RAMP FROM KY18,,,,,39.0016725,-84.64928356,14.961,3/29/23 0:00,1413,2,2,0,0,CLEAR,DRY,FALSE,OTHER INTERSECTION COLLISIONS,REAR END,STRAIGHT & LEVEL,DAYLIGHT,,,3/29/23 16:46,FALSE,27,Accepted
31470541,430000,GRAYSON COUNTY SHERIFF DEPT.,Accepted,GRAYSON,WK9001,,WK9001 W,,,,,,,,,37.48686564,-86.21483016,111.486,3/28/23 0:00,741,2,1,0,0,CLOUDY,DRY,FALSE,SIDESWIPE COLLISION - SAME DIRECTION,SIDESWIPE-SAME DIRECTION,STRAIGHT & LEVEL,DAYLIGHT,,,4/9/23 3:06,FALSE,103,Accepted
31423602,568000,LOUISVILLE METRO POLICE DEPT,Accepted,JEFFERSON,I 0265,,I265 WB,,,I 0064,I64 EB EXIT19A RAMP TO I265 SB,,,,,38.21270168,-85.50668604,24.752,3/28/23 0:00,1232,2,2,0,0,CLOUDY,DRY,FALSE,SIDESWIPE-SAME DIRECTION,SIDESWIPE-SAME DIRECTION,STRAIGHT & LEVEL,DAYLIGHT,,,3/29/23 8:21,FALSE,2017,Accepted
31493145,KSP0400,KY STATE POLICE POST 04,Accepted,NELSON,BG9002,,BG9002 W,,,,,,,,,37.75561677,-85.63043606,11.976,3/28/23 0:00,236,1,1,1,0,CLEAR,DRY,FALSE,OTHER ROADWAY OR MID-BLOCK COLLISION,SINGLE VEHICLE,STRAIGHT & LEVEL,DARK-HWY NOT LIGHTED,,,4/13/23 18:08,FALSE,326,Accepted
31411884,90100,PARIS POLICE DEPARTMENT,Accepted,BOURBON,US0068X,525,HIGH,ST,,,,,,,,38.2117175,-84.25153519,1.631,3/26/23 0:00,2017,1,1,0,0,CLEAR,DRY,FALSE,COLLISION WITH FIXED OBJECT NON - INTERSECTION - FIRST EVENT COLLISION 09 - 32 EXCLUDING 16,SINGLE VEHICLE,STRAIGHT & LEVEL,DARK-HWY LIGHTED/ON,,,3/26/23 22:51,FALSE,506,Accepted
31417092,890200,CENTRAL CITY POLICE DEPARTMENT,Accepted,MUHLENBERG,KY0277,300,RESERVOIR,AVE,W,,,,,,,37.2903028,-87.13022001,1.09,3/25/23 0:00,1236,1,1,0,0,CLOUDY,DRY,FALSE,OTHER ROADWAY OR MID-BLOCK COLLISION,SINGLE VEHICLE,STRAIGHT & LEVEL,DAYLIGHT,,,3/27/23 22:07,FALSE,156,Accepted
31479041,430000,GRAYSON COUNTY SHERIFF DEPT.,Accepted,GRAYSON,WK9001,112 EB,WK9001 EB,,,,,,,,,37.49018325,-86.2058848,112.059,3/25/23 0:00,1522,2,1,0,0,CLEAR,DRY,FALSE,SIDESWIPE COLLISION - SAME DIRECTION,SIDESWIPE-SAME DIRECTION,STRAIGHT & LEVEL,DAYLIGHT,,,4/11/23 3:03,FALSE,105,Accepted
31399418,590100,COVINGTON POLICE DEPARTMENT,Accepted,KENTON,I 0075,,I75 N,,,,,,,,,39.0806356,-84.52209635,190.823,3/23/23 0:00,125,3,2,0,2,RAINING,WET,FALSE,1 VEHICLE PARKED POSITION (NOT PARKING LOT/DRIVEWAY),SIDESWIPE-SAME DIRECTION,CURVE & GRADE,DARK-HWY LIGHTED/ON,,,3/23/23 11:11,FALSE,358,Accepted
31418555,340200,LEXINGTON POLICE DEPARTMENT,Accepted,FAYETTE,KY1723,247,FORBES,RD,S,,,KY1681,OLD FRANKFORT,US0060,VERSAILLES,38.05355448,-84.52503055,0.276,3/23/23 0:00,1405,1,1,0,0,CLOUDY,DRY,FALSE,COLLISION WITH FIXED OBJECT NON - INTERSECTION - FIRST EVENT COLLISION 09 - 32 EXCLUDING 16,SINGLE VEHICLE,CURVE & HILLCREST,DAYLIGHT,,,3/28/23 7:53,FALSE,56412,Accepted
31400906,400000,GARRARD COUNTY SHERIFF DEPT.,Accepted,GARRARD,,,OLD RAILROAD GRADE,RD,,,,,,,,37.60507343,-84.45848783,2.702,3/22/23 0:00,1420,2,2,0,0,CLOUDY,DRY,FALSE,1 VEHICLE PARKED POSITION (NOT PARKING LOT/DRIVEWAY),SIDESWIPE-SAME DIRECTION,STRAIGHT & LEVEL,DAYLIGHT,,,3/23/23 16:33,FALSE,35,Accepted
31400477,890000,MUHLENBERG CO SHERIFF DEPT,Accepted,MUHLENBERG,US0431,14995,US431,,,,,,,,,37.39502081,-87.14251475,26.937,3/22/23 0:00,1349,2,2,0,0,CLOUDY,WET,FALSE,VEHICLE BACKING NON INTERSECTION,BACKING,STRAIGHT & LEVEL,DAYLIGHT,,,3/23/23 15:41,FALSE,1505,Accepted
31402676,190100,BELLEVUE POLICE DEPARTMENT,Accepted,CAMPBELL,,247,VAN VOAST,AVE,,,,,,,,39.10743944,-84.47954487,0.269,3/22/23 0:00,1129,2,2,0,0,CLOUDY,DRY,FALSE,OTHER ROADWAY OR MID-BLOCK COLLISION,REAR TO REAR,STRAIGHT & GRADE,DAYLIGHT,,,3/24/23 1:47,FALSE,1120,Accepted
31388637,568000,LOUISVILLE METRO POLICE DEPT,Accepted,JEFFERSON,I 0064,,I64 W,,,,,,,,,38.22232649,-85.49139778,19.695,3/21/23 0:00,753,2,2,0,0,CLEAR,DRY,TRUE,REAR END IN TRAFFIC LANES BOTH VEHICLES MOVING,REAR END,CURVE & HILLCREST,DAYLIGHT,,,3/21/23 8:48,FALSE,4903,Accepted
31393848,1180000,WHITLEY COUNTY SHERIFF DEPT.,Accepted,WHITLEY,US0025W,,US25W,,N,,,,,,,36.82823944,-84.21125378,19.776,3/21/23 0:00,1203,3,3,0,0,CLEAR,DRY,FALSE,REAR END IN TRAFFIC LANES BOTH VEHICLES MOVING,REAR END,STRAIGHT & HILLCREST,DAYLIGHT,,,3/22/23 9:36,FALSE,302,Accepted
31393251,568000,LOUISVILLE METRO POLICE DEPT,Accepted,JEFFERSON,KY1447,,WESTPORT,RD,,I 0265,I265 S EXIT33 OFF RAMP TO KY1447,,,,,38.29854684,-85.54452117,6.883,3/21/23 0:00,1343,3,3,0,1,CLEAR,DRY,FALSE,OTHER INTERSECTION COLLISIONS,REAR END,CURVE & LEVEL,DAYLIGHT,,,3/22/23 7:54,FALSE,5288,Accepted
31659552,568000,LOUISVILLE METRO POLICE DEPT,Accepted,JEFFERSON,I 0265,,I265 S,,,,,,,,,38.25894745,-85.50245037,27.95,3/21/23 0:00,851,3,3,0,0,CLEAR,DRY,FALSE,OTHER ROADWAY OR MID-BLOCK COLLISION,REAR END,STRAIGHT & LEVEL,DAYLIGHT,,,5/22/23 7:55,FALSE,4903,Accepted
31394631,KSP1100,KY STATE POLICE POST 11,Accepted,WHITLEY,I 0075,20,I75 N,,,,,,,,,36.85324535,-84.15464465,19.738,3/21/23 0:00,1545,2,2,0,0,CLEAR,DRY,FALSE,OTHER ROADWAY OR MID-BLOCK COLLISION,REAR END,STRAIGHT & LEVEL,DAYLIGHT,,,3/22/23 12:59,FALSE,859,Accepted
31392461,570000,JESSAMINE COUNTY SHERIFF DEPT.,Accepted,JESSAMINE,KY0169,,KEENE,RD,,,PADDOCK,,,,,37.91307072,-84.5935882,13.006,3/21/23 0:00,1718,1,1,0,0,CLOUDY,DRY,FALSE,OTHER INTERSECTION COLLISIONS,SINGLE VEHICLE,CURVE & GRADE,DAYLIGHT,,,3/22/23 3:12,FALSE,728,Accepted
31388548,1000100,SOMERSET POLICE DEPARTMENT,Accepted,PULASKI,KY0080,,HAL ROGERS,PKWY,,,,KY0461,KY461 TURN LANE,,MARK SHOPVILLE,37.15961203,-84.49874979,27.558,3/20/23 0:00,829,3,3,0,0,CLEAR,DRY,FALSE,OTHER ROADWAY OR MID-BLOCK COLLISION,REAR END,STRAIGHT & LEVEL,DAYLIGHT,,,3/21/23 8:11,FALSE,47,Accepted
31383296,80000,BOONE COUNTY SHERIFF DEPT.,Accepted,BOONE,KY0338,,RICHWOOD,RD,,,,,,,,38.91792731,-84.62697267,0.151,3/19/23 0:00,1241,2,2,0,0,CLOUDY,DRY,FALSE,REAR END IN TRAFFIC LANES BOTH VEHICLES MOVING,REAR END,STRAIGHT & HILLCREST,DAYLIGHT,,,3/20/23 8:39,FALSE,3722,Accepted
31373017,568000,LOUISVILLE METRO POLICE DEPT,Accepted,JEFFERSON,I 0265,,I265 S,,,,,,,,,38.28632067,-85.51492153,30.393,3/16/23 0:00,1756,2,2,0,0,CLOUDY,DRY,TRUE,REAR END IN TRAFFIC LANES BOTH VEHICLES MOVING,REAR END,STRAIGHT & LEVEL,DARK-HWY LIGHTED/ON,,,3/17/23 8:16,FALSE,5329,Accepted
31374624,1180000,WHITLEY COUNTY SHERIFF DEPT.,Accepted,WHITLEY,I 0075,,I75 N,,,,,,,,,36.85347452,-84.15454304,19.755,3/16/23 0:00,1104,3,3,0,2,CLEAR,DRY,FALSE,REAR END IN TRAFFIC LANES BOTH VEHICLES MOVING,REAR END,STRAIGHT & HILLCREST,DAYLIGHT,,,3/17/23 15:38,FALSE,302,Accepted
31441959,470100,ELIZABETHTOWN POLICE DEPT.,Accepted,HARDIN,KY1136,,NEW GLENDALE,RD,,US0031WB,31W,,,,,37.67604172,-85.85919719,9.937,3/16/23 0:00,1434,2,2,0,0,CLEAR,DRY,FALSE,VEHICLE BACKING IN INTERSECTION,BACKING,STRAIGHT & LEVEL,DAYLIGHT,,,4/2/23 15:18,FALSE,148,Accepted
31373871,80200,FLORENCE POLICE DEPARTMENT,Accepted,BOONE,KY0018,,BURLINGTON,PIKE,,,,I 0075,I75 S EXIT181 OFF RAMP TO KY18,,WOODSPOINT,39.00183097,-84.64910771,14.96,3/16/23 0:00,1236,2,2,0,0,CLEAR,DRY,FALSE,SIDESWIPE COLLISION - SAME DIRECTION,SIDESWIPE-SAME DIRECTION,CURVE & LEVEL,DAYLIGHT,,,3/17/23 12:56,FALSE,34,Accepted
31385162,568000,LOUISVILLE METRO POLICE DEPT,Accepted,JEFFERSON,I 0064,,I64 EB,,,,,,,,,38.22270151,-85.51776843,18.318,3/15/23 0:00,1622,2,2,0,0,CLEAR,DRY,FALSE,SIDESWIPE COLLISION - SAME DIRECTION,SIDESWIPE-SAME DIRECTION,STRAIGHT & LEVEL,DAYLIGHT,,,3/20/23 14:44,FALSE,8410,Accepted
31380114,730000,MCCRACKEN COUNTY SHERIFF DEPT.,Accepted,MCCRACKEN,I 0024,,I24 W,,,,,,,,,37.12774959,-88.68909976,0.8,3/15/23 0:00,1420,2,2,0,0,CLEAR,DRY,FALSE,SIDESWIPE COLLISION - SAME DIRECTION,SIDESWIPE-SAME DIRECTION,STRAIGHT & LEVEL,DAYLIGHT,,,3/19/23 13:29,FALSE,17,Accepted
31369590,100000,BOYD COUNTY SHERIFF DEPARTMENT,Accepted,BOYD,US0060,,US60,,W,,,,,,,38.36726855,-82.77079591,0.322,3/15/23 0:00,1439,2,2,0,0,CLEAR,DRY,FALSE,REAR END IN TRAFFIC LANES BOTH VEHICLES MOVING,REAR END,STRAIGHT & LEVEL,DAYLIGHT,,,3/16/23 14:54,FALSE,232,Accepted
31358449,100000,BOYD COUNTY SHERIFF DEPARTMENT,Accepted,BOYD,US0060,1900 BLK,US60,,W,,,,,,,38.37287856,-82.75954941,1.051,3/13/23 0:00,1435,2,2,0,0,CLOUDY,WET,FALSE,REAR END IN TRAFFIC LANES BOTH VEHICLES MOVING,REAR END,STRAIGHT & LEVEL,DAYLIGHT,,,3/14/23 12:04,FALSE,228,Accepted
31357011,568000,LOUISVILLE METRO POLICE DEPT,Accepted,JEFFERSON,KY1450,,BLUE LICK,RD,,,,,PARK,,FREEDOM,38.11412141,-85.68954835,2.021,3/13/23 0:00,1334,2,2,0,0,CLOUDY,DRY,FALSE,1 VEHICLE ENTERING/LEAVING ENTRANCE,ANGLE,STRAIGHT & LEVEL,DAYLIGHT,,,3/14/23 7:40,FALSE,2017,Accepted
31352117,566700,MIDDLETOWN POLICE DEPARTMENT,Accepted,JEFFERSON,,,SHELBYVILLE,RD,,,MERIDIAN HILLS,,,,,38.24310361,-85.51475859,,3/12/23 0:00,1851,2,2,0,0,CLOUDY,DRY,FALSE,SIDESWIPE-SAME DIRECTION,SIDESWIPE-SAME DIRECTION,STRAIGHT & LEVEL,DUSK,,,3/13/23 7:54,FALSE,2011,Accepted
31371172,80000,BOONE COUNTY SHERIFF DEPT.,Accepted,BOONE,KY0338,281,RICHWOOD,RD,,,,,,,,38.91657601,-84.63232726,0.463,3/12/23 0:00,2355,1,1,0,0,CLEAR,DRY,FALSE,OTHER ROADWAY OR MID-BLOCK COLLISION,SINGLE VEHICLE,STRAIGHT & LEVEL,DARK-HWY LIGHTED/OFF,,,3/16/23 21:23,FALSE,3723,Accepted
31388814,510000,HENDERSON COUNTY SHERIFF DEPT.,Accepted,HENDERSON,,,PORTER,DR,,,LEE,,,,,37.81492851,-87.58377257,0.124,3/10/23 0:00,1357,2,2,0,0,CLEAR,DRY,FALSE,HEAD-ON COLLISION,HEAD ON,STRAIGHT & LEVEL,DAYLIGHT,,,3/21/23 9:43,FALSE,134,Accepted
31978985,730000,MCCRACKEN COUNTY SHERIFF DEPT.,Accepted,MCCRACKEN,I 0024,,I24 W,,,,,,,,,37.13624371,-88.6860668,0.187,3/10/23 0:00,1016,2,2,0,0,CLEAR,DRY,FALSE,REAR END IN TRAFFIC LANES BOTH VEHICLES MOVING,REAR END,STRAIGHT & LEVEL,DAYLIGHT,,,7/30/23 21:10,FALSE,11,Accepted
31352946,300100,OWENSBORO POLICE DEPARTMENT,Accepted,DAVIESS,,1300,9TH,ST,W,,,,,,,37.76659564,-87.12539921,1.141,3/10/23 0:00,922,2,2,0,0,CLEAR,DRY,FALSE,REAR END IN TRAFFIC LANES BOTH VEHICLES MOVING,REAR END,STRAIGHT & LEVEL,DAYLIGHT,,,3/13/23 10:44,FALSE,424,Accepted
31338582,KSP0100,KY STATE POLICE POST 01,Accepted,MCCRACKEN,I 0024,,I24 E,,,,,,,,,37.10542818,-88.69115273,2.384,3/9/23 0:00,1228,2,2,0,0,RAINING,WET,FALSE,REAR END IN TRAFFIC LANES BOTH VEHICLES MOVING,REAR END,STRAIGHT & LEVEL,DAYLIGHT,,,3/9/23 16:22,FALSE,520,Accepted
31453898,990000,POWELL COUNTY SHERIFF DEPT.,Accepted,POWELL,KY0213,,MORRIS CREEK,RD,,,,,,,,37.86501132,-83.8563046,8.995,3/8/23 0:00,1630,1,1,0,0,CLEAR,DRY,FALSE,OTHER ROADWAY OR MID-BLOCK COLLISION,SINGLE VEHICLE,STRAIGHT & LEVEL,DAYLIGHT,,,4/4/23 20:35,FALSE,133,Accepted
31336158,568000,LOUISVILLE METRO POLICE DEPT,Accepted,JEFFERSON,I 0265,,I265 NB,,,,,,,,,38.26924477,-85.50094587,28.7,3/7/23 0:00,1333,2,2,0,0,CLEAR,DRY,FALSE,SIDESWIPE COLLISION - SAME DIRECTION,SIDESWIPE-SAME DIRECTION,STRAIGHT & LEVEL,DAYLIGHT,,,3/9/23 8:18,FALSE,8410,Accepted
31403467,370000,FRANKLIN COUNTY SHERIFF,Accepted,FRANKLIN,I 0064,,I64 W,,,,,,,,,38.14819153,-84.97320838,48.673,3/7/23 0:00,721,2,2,0,0,CLEAR,DRY,FALSE,REAR END IN TRAFFIC LANES BOTH VEHICLES MOVING,REAR END,STRAIGHT & LEVEL,DAYLIGHT,,,3/24/23 6:29,FALSE,1341,Accepted
31357493,730000,MCCRACKEN COUNTY SHERIFF DEPT.,Accepted,MCCRACKEN,I 0024,,I24 E,,,,,,,,,37.13834714,-88.6853953,0.037,3/7/23 0:00,745,2,2,0,0,CLEAR,DRY,FALSE,REAR END IN TRAFFIC LANES BOTH VEHICLES MOVING,REAR END,STRAIGHT & LEVEL,DAYLIGHT,,,3/14/23 9:15,FALSE,46,Accepted
31328001,340200,LEXINGTON POLICE DEPARTMENT,Accepted,FAYETTE,US0060,,VERSAILLES,RD,,,,,,,,38.04931619,-84.52928967,6.68,3/6/23 0:00,1120,2,2,0,0,CLEAR,DRY,FALSE,COLLISION IN PARKING LOT,BACKING,STRAIGHT & LEVEL,DAYLIGHT,,,3/7/23 15:29,FALSE,51902,Accepted
31322914,80000,BOONE COUNTY SHERIFF DEPT.,Accepted,BOONE,KY3076,,MINEOLA,PIKE,,,OLYMPIC,,,,,39.05202647,-84.62787714,0.825,3/5/23 0:00,1513,2,2,0,0,CLEAR,DRY,FALSE,OTHER INTERSECTION COLLISIONS,REAR END,STRAIGHT & LEVEL,DAYLIGHT,,,3/6/23 16:06,FALSE,3207,Accepted
31320478,568000,LOUISVILLE METRO POLICE DEPT,Accepted,JEFFERSON,I 0265,,I265 N,,,,,,,,,38.22177673,-85.50560929,25.414,3/3/23 0:00,1045,2,2,0,0,RAINING,WET,FALSE,REAR END IN TRAFFIC LANES BOTH VEHICLES MOVING,REAR END,STRAIGHT & LEVEL,DAYLIGHT,,,3/6/23 8:33,FALSE,7316,Accepted
31314237,1000100,SOMERSET POLICE DEPARTMENT,Accepted,PULASKI,KY0461,,KY461,,,,,,COIN,,VALLEY OAK COMPLEX,37.1743666,-84.48596822,1.213,3/3/23 0:00,1931,1,1,0,0,SEVERE CROSSWINDS,DRY,FALSE,OTHER ROADWAY OR MID-BLOCK COLLISION,SINGLE VEHICLE,STRAIGHT & LEVEL,DARK-HWY NOT LIGHTED,,,3/4/23 13:53,FALSE,24,Accepted
31331077,568000,LOUISVILLE METRO POLICE DEPT,Accepted,JEFFERSON,I 0064,,I64 EB,,,,,,,,,38.27714645,-85.82050624,0.307,3/3/23 0:00,1500,1,1,0,0,SEVERE CROSSWINDS,WET,FALSE,OTHER ROADWAY OR MID-BLOCK COLLISION,SINGLE VEHICLE,STRAIGHT & LEVEL,DAYLIGHT,,,3/8/23 8:23,FALSE,5282,Accepted
31315270,300100,OWENSBORO POLICE DEPARTMENT,Accepted,DAVIESS,,,4TH,ST,W,,,,,,,37.7719198,-87.12394702,1.914,3/3/23 0:00,2103,1,1,0,0,CLEAR,DRY,FALSE,OTHER ROADWAY OR MID-BLOCK COLLISION,SINGLE VEHICLE,STRAIGHT & LEVEL,DARK-HWY LIGHTED/OFF,,,3/4/23 22:52,FALSE,407,Accepted