IncidentID,AgencyORI,AgencyName,IncidentStatusDesc,County,RdwyNumber,Street,RoadwayName,StreetSfx,StreetDir,IntersectionRdwy,IntersectionRdwyName,BetweenStRdwy1,BetweenStRdwyName1,BetweenStRdwy2,BetweenStRdwyName2,Latitude,Longitude,Milepoint,CollisionDate,CollisionTime,UnitsInvolved,MotorVehiclesInvolved,NumberKilled,NumberInjured,Weather,RdwyConditionCode,HitandRun,DirAnalysisCode,MannerofCollision,RdwyCharacter,LightCondition,RampFromRdwyId,RampToRdwyId,AcceptedDate,IsSecondaryCollision,OwnerBadge,IncidentStatus
31310556,568000,LOUISVILLE METRO POLICE DEPT,Accepted,JEFFERSON,I 0064,,I64 WB,,,I 0064,I64 WB EXIT19A RAMP TO I265 SB,,,,,38.22278658,-85.50489924,18.963,3/1/23 0:00,1532,2,2,0,0,CLEAR,DRY,FALSE,SIDESWIPE-SAME DIRECTION,SIDESWIPE-SAME DIRECTION,STRAIGHT & LEVEL,DAYLIGHT,,,3/3/23 7:33,FALSE,8410,Accepted
31306014,568000,LOUISVILLE METRO POLICE DEPT,Accepted,JEFFERSON,I 0265,,I265 N,,,,,,,,,38.24049304,-85.50380067,26.71,3/1/23 0:00,733,2,2,0,1,CLEAR,DRY,FALSE,REAR END IN TRAFFIC LANES BOTH VEHICLES MOVING,REAR END,STRAIGHT & LEVEL,DAYLIGHT,,,3/2/23 8:54,FALSE,4903,Accepted
31303319,340200,LEXINGTON POLICE DEPARTMENT,Accepted,FAYETTE,US0060,,WINCHESTER,RD,,,,,BAHAMA,,WINDOWPANE,38.03414284,-84.37856421,14.367,3/1/23 0:00,1047,2,2,0,0,CLEAR,DRY,FALSE,REAR END IN TRAFFIC LANES BOTH VEHICLES MOVING,REAR END,STRAIGHT & LEVEL,DAYLIGHT,,,3/1/23 16:24,FALSE,57922,Accepted
31327211,470000,HARDIN COUNTY SHERIFF DEPT.,Accepted,HARDIN,I 0065,,,,,,,,,,,37.59685196,-85.87105823,0.008,3/1/23 0:00,2151,2,2,0,0,RAINING,WET,FALSE,OTHER RAMP RELATED COLLISIONS NOT LISTED ABOVE,BACKING,STRAIGHT & GRADE,DARK-HWY LIGHTED/ON,KY0222,I 0065,3/7/23 12:54,FALSE,994,Accepted
31351170,280000,CRITTENDEN COUNTY SHERIFF DEPT,Accepted,CRITTENDEN,US0060,,US60,,W,,,,,,,37.32742195,-88.11573132,7.325,2/28/23 0:00,803,4,1,0,0,CLEAR,DRY,FALSE,SIDESWIPE COLLISION - SAME DIRECTION,SIDESWIPE-SAME DIRECTION,STRAIGHT & LEVEL,DAYLIGHT,,,3/13/23 3:06,FALSE,2801,Accepted
31552674,568000,LOUISVILLE METRO POLICE DEPT,Accepted,JEFFERSON,I 0265,,I265 N,,,,,,,,,38.24384026,-85.50343814,26.941,2/27/23 0:00,1039,2,2,0,0,CLEAR,DRY,TRUE,SIDESWIPE COLLISION - SAME DIRECTION,SIDESWIPE-SAME DIRECTION,STRAIGHT & LEVEL,DAYLIGHT,,,4/27/23 8:47,FALSE,4903,Accepted
31289142,110100,DANVILLE POLICE DEPARTMENT,Accepted,BOYLE,US0127,,4TH,ST,S,US0127,MAIN,,,,,37.64591898,-84.77404054,5.392,2/27/23 0:00,348,1,1,0,0,RAINING,WET,FALSE,COLLISION WITH FIXED OBJECT IN INTERSECTION - FIRST EVENT COLLISION 09 - 32,SINGLE VEHICLE,STRAIGHT & LEVEL,DARK-HWY LIGHTED/ON,,,2/27/23 6:36,FALSE,6140,Accepted
31294892,568000,LOUISVILLE METRO POLICE DEPT,Accepted,JEFFERSON,I 0265,,I265 N,,,,,,,,,38.25547625,-85.50229808,27.747,2/27/23 0:00,750,3,3,0,0,CLOUDY,WET,FALSE,REAR END IN TRAFFIC LANES BOTH VEHICLES MOVING,REAR END,STRAIGHT & GRADE,DAYLIGHT,,,2/28/23 7:48,FALSE,7316,Accepted
31281143,340200,LEXINGTON POLICE DEPARTMENT,Accepted,FAYETTE,,,WALTON,AVE,,,AURORA,,,,,38.03997973,-84.48135025,0.346,2/24/23 0:00,1335,2,2,0,0,CLEAR,DRY,FALSE,SIDESWIPE-SAME DIRECTION,SIDESWIPE-SAME DIRECTION,STRAIGHT & LEVEL,DAYLIGHT,,,2/24/23 17:10,FALSE,59791,Accepted
31276875,340200,LEXINGTON POLICE DEPARTMENT,Accepted,FAYETTE,KY0057,,BRYAN STATION,RD,,,,KY0057,BRIAR HILL,,HUME,38.07017618,-84.43438664,1.799,2/23/23 0:00,830,1,1,0,1,CLEAR,WET,FALSE,COLLISION WITH FIXED OBJECT NON - INTERSECTION - FIRST EVENT COLLISION 09 - 32 EXCLUDING 16,SINGLE VEHICLE,STRAIGHT & HILLCREST,DAYLIGHT,,,2/23/23 18:34,FALSE,30541,Accepted
31274024,80000,BOONE COUNTY SHERIFF DEPT.,Accepted,BOONE,KY0338,,RICHWOOD,RD,,,,,,,,38.91577237,-84.63327375,0.541,2/22/23 0:00,1416,1,1,0,0,CLOUDY,DRY,FALSE,OTHER ROADWAY OR MID-BLOCK COLLISION,SINGLE VEHICLE,STRAIGHT & LEVEL,DAYLIGHT,,,2/23/23 8:10,FALSE,3717,Accepted
31290950,150100,SHEPHERDSVILLE POLICE DEPT.,Accepted,BULLITT,KY0480,,CEDAR GROVE,RD,,,PARK LOOP,,,,,37.97888326,-85.66381407,2.835,2/22/23 0:00,1356,1,1,0,0,CLEAR,DRY,FALSE,COLLISION WITH FIXED OBJECT IN INTERSECTION - FIRST EVENT COLLISION 09 - 32,SINGLE VEHICLE,STRAIGHT & LEVEL,DAYLIGHT,,,2/27/23 11:59,FALSE,75,Accepted
31270884,340200,LEXINGTON POLICE DEPARTMENT,Accepted,FAYETTE,I 0075,,I75 S,,,,,,,,,38.08763936,-84.46522135,113.858,2/22/23 0:00,1252,2,2,0,0,CLEAR,DRY,FALSE,SIDESWIPE COLLISION - SAME DIRECTION,SIDESWIPE-SAME DIRECTION,STRAIGHT & LEVEL,DAYLIGHT,,,2/22/23 14:56,FALSE,55504,Accepted
31268947,150100,SHEPHERDSVILLE POLICE DEPT.,Accepted,BULLITT,KY0480,,CEDAR GROVE,RD,,,,,ZAPPOSDOTCOM,,MOONEY,37.97946033,-85.68128549,1.841,2/21/23 0:00,1241,3,3,0,0,CLEAR,DRY,FALSE,REAR END IN TRAFFIC LANES BOTH VEHICLES MOVING,REAR END,STRAIGHT & LEVEL,DAYLIGHT,,,2/22/23 9:21,FALSE,26,Accepted
31265874,340200,LEXINGTON POLICE DEPARTMENT,Accepted,FAYETTE,US0025,,MAIN,ST,W,,JEFFERSON,,,,,38.05321859,-84.50472536,14.517,2/21/23 0:00,1100,2,2,0,0,CLEAR,DRY,TRUE,OTHER INTERSECTION COLLISIONS,REAR END,STRAIGHT & LEVEL,DAYLIGHT,,,2/21/23 16:11,FALSE,59791,Accepted
31287459,KSP0300,KY STATE POLICE POST 03,Accepted,SIMPSON,I 0065,,I65 SB,,,,,,,,,36.65367122,-86.56585423,1.068,2/20/23 0:00,1758,2,2,0,0,CLOUDY,DRY,FALSE,REAR END IN TRAFFIC LANES BOTH VEHICLES MOVING,REAR END,STRAIGHT & LEVEL,DARK (UNKNOWN ROADWAY LIGHTING),,,2/26/23 21:52,FALSE,490,Accepted
31261945,340200,LEXINGTON POLICE DEPARTMENT,Accepted,FAYETTE,I 0075,,I75 S,,,,,,,,,38.07764551,-84.45718429,113.039,2/20/23 0:00,1650,2,2,0,0,CLOUDY,DRY,FALSE,REAR END IN TRAFFIC LANES BOTH VEHICLES MOVING,REAR END,STRAIGHT & LEVEL,DAYLIGHT,,,2/20/23 23:59,FALSE,58917,Accepted
31277256,470000,HARDIN COUNTY SHERIFF DEPT.,Accepted,HARDIN,I 0065,85,I65 N,,,,,,,,,37.58845706,-85.87021014,85.15,2/18/23 0:00,428,1,1,0,0,CLEAR,DRY,FALSE,OTHER ROADWAY OR MID-BLOCK COLLISION,SINGLE VEHICLE,STRAIGHT & LEVEL,DARK-HWY NOT LIGHTED,,,2/23/23 20:59,FALSE,973,Accepted
31258296,568000,LOUISVILLE METRO POLICE DEPT,Accepted,JEFFERSON,I 0064,,I64 E,,,,,,,,,38.22278519,-85.51005301,18.732,2/17/23 0:00,1645,2,2,0,0,CLOUDY,DRY,FALSE,SIDESWIPE COLLISION - SAME DIRECTION,SIDESWIPE-SAME DIRECTION,STRAIGHT & LEVEL,DAYLIGHT,,,2/20/23 9:17,FALSE,7316,Accepted
31268789,90000,BOURBON COUNTY SHERIFF DEPT.,Accepted,BOURBON,US0460,2392,GEORGETOWN,RD,,,,,,,,38.22215375,-84.36370908,2.933,2/15/23 0:00,735,3,3,0,1,CLOUDY,WET,FALSE,REAR END IN TRAFFIC LANES BOTH VEHICLES MOVING,REAR END,STRAIGHT & GRADE,DAYLIGHT,,,2/22/23 8:46,FALSE,806,Accepted
31242750,568000,LOUISVILLE METRO POLICE DEPT,Accepted,JEFFERSON,,,NEW CHAMBERLAIN,LN,,,CHAMBERLAIN,,,,,38.30924164,-85.56000929,0.001,2/15/23 0:00,1445,2,2,0,0,CLEAR,DRY,TRUE,ANGLE COLLISION - OTHER,ANGLE,STRAIGHT & LEVEL,DAYLIGHT,,,2/16/23 8:18,FALSE,7922,Accepted
31234916,591200,VILLA HILLS POLICE DEPARTMENT,Accepted,KENTON,I 0075,,I75 S,,,,,,,,,39.04415182,-84.57896231,185.992,2/14/23 0:00,126,2,2,0,0,CLEAR,DRY,FALSE,VEHICLE BACKING NON INTERSECTION,BACKING,STRAIGHT & LEVEL,DARK-HWY NOT LIGHTED,,,2/14/23 17:00,FALSE,12038,Accepted
31283833,KSP1100,KY STATE POLICE POST 11,Accepted,WHITLEY,US0025W,,US25W,,N,,ANGEL,,,,,36.8291952,-84.21198151,19.853,2/14/23 0:00,1530,2,2,0,0,CLEAR,DRY,FALSE,OTHER INTERSECTION COLLISIONS,REAR END,STRAIGHT & LEVEL,DAYLIGHT,,,2/25/23 16:51,FALSE,859,Accepted
31233370,340200,LEXINGTON POLICE DEPARTMENT,Accepted,FAYETTE,KY0004,,NEW CIRCLE,RD,W,,,KY0004,KY4 EXIT5A ON RAMP FROM US60 E,KY0004,KY4 EXIT2 OFF RAMP TO US68,38.02390089,-84.55622997,2.923,2/14/23 0:00,900,3,3,0,0,CLEAR,DRY,FALSE,OTHER ROADWAY OR MID-BLOCK COLLISION,REAR END,STRAIGHT & LEVEL,DAYLIGHT,,,2/14/23 11:22,FALSE,56481,Accepted
31233366,340200,LEXINGTON POLICE DEPARTMENT,Accepted,FAYETTE,KY0004,,NEW CIRCLE,RD,W,,,KY0004,KY4 EXIT5A ON RAMP FROM US60 EB,KY0004,KY4 EXIT2 OFF RAMP TO US68,38.02696569,-84.56027764,3.235,2/14/23 0:00,905,2,2,0,0,CLEAR,DRY,FALSE,OTHER ROADWAY OR MID-BLOCK COLLISION,REAR END,STRAIGHT & LEVEL,DAYLIGHT,,,2/14/23 11:22,TRUE,55323,Accepted
31233368,340200,LEXINGTON POLICE DEPARTMENT,Accepted,FAYETTE,KY0004,,NEW CIRCLE,RD,W,,,KY0004,KY4 EXIT6 ON RAMP FROM KY1681,KY0004,KY4 EXIT5B OFF RAMP TO US60 WB,38.05356411,-84.5599114,5.345,2/14/23 0:00,825,2,2,0,0,CLEAR,DRY,FALSE,REAR END IN TRAFFIC LANES BOTH VEHICLES MOVING,REAR END,CURVE & GRADE,DAYLIGHT,,,2/14/23 11:22,FALSE,55323,Accepted
31262213,80000,BOONE COUNTY SHERIFF DEPT.,Accepted,BOONE,KY0338,,RICHWOOD,RD,,I 0075,I75 S EXIT175 ON RAMP FROM  RICHWOOD DR,,,,,38.91719277,-84.63098649,0.38,2/13/23 0:00,1517,2,2,0,0,CLEAR,DRY,TRUE,OPPOSITE DIRECTION - BOTH VEHICLES GOING STRAIGHT AHEAD,SIDESWIPE-OPPOSITE DIRECTION,CURVE & LEVEL,DAYLIGHT,,,2/21/23 1:19,FALSE,3743,Accepted
31228912,110100,DANVILLE POLICE DEPARTMENT,Accepted,BOYLE,US0127,,MAIN,ST,W,,4TH,,,,,37.64593895,-84.77402793,5.522,2/12/23 0:00,958,2,2,0,0,CLOUDY,DRY,FALSE,ANGLE COLLISION - ONE VEHICLE TURNING RIGHT,ANGLE,STRAIGHT & LEVEL,DAYLIGHT,,,2/13/23 14:49,FALSE,696,Accepted
31269994,370000,FRANKLIN COUNTY SHERIFF,Accepted,FRANKLIN,I 0064,,I64 W,,,,,,,,,38.14723601,-84.97838983,48.384,2/11/23 0:00,1826,1,1,0,0,CLEAR,DRY,FALSE,COLLISION WITH FIXED OBJECT NON - INTERSECTION - FIRST EVENT COLLISION 09 - 32 EXCLUDING 16,SINGLE VEHICLE,STRAIGHT & LEVEL,DAYLIGHT,,,2/22/23 12:13,FALSE,1503,Accepted
31242895,930400,OLDHAM COUNTY POLICE DEPT.,Accepted,OLDHAM,I 0071,,I71 S,,,,,,,,,38.33823642,-85.5227878,12.719,2/10/23 0:00,1055,2,2,0,0,CLOUDY,DRY,FALSE,REAR END IN TRAFFIC LANES BOTH VEHICLES MOVING,REAR END,STRAIGHT & GRADE,DAYLIGHT,,,2/16/23 8:48,FALSE,3060,Accepted
31217420,340200,LEXINGTON POLICE DEPARTMENT,Accepted,FAYETTE,,,4TH,ST,W,,UPPER,,,,,38.05176324,-84.49137797,0.07,2/9/23 0:00,1050,2,2,0,0,CLEAR,DRY,FALSE,ANGLE COLLISION - OTHER,ANGLE,STRAIGHT & LEVEL,DAYLIGHT,,,2/10/23 14:59,FALSE,59791,Accepted
31248147,260100,MANCHESTER POLICE DEPARTMENT,Accepted,CLAY,US0421,,US421,,S,,,,,,,37.13889591,-83.76829844,16.922,2/9/23 0:00,1104,2,2,0,0,CLOUDY,DRY,FALSE,VEHICLE BACKING NON INTERSECTION,BACKING,STRAIGHT & GRADE,DAYLIGHT,,,2/17/23 11:49,FALSE,104,Accepted
31215638,568000,LOUISVILLE METRO POLICE DEPT,Accepted,JEFFERSON,I 0265,,I265 NB,,,I 0064,I64 WB,,,,,38.2233653,-85.50542418,25.524,2/9/23 0:00,1329,3,3,0,0,CLEAR,DRY,FALSE,OTHER INTERSECTION COLLISIONS,REAR END,STRAIGHT & LEVEL,DAYLIGHT,,,2/10/23 8:17,FALSE,7316,Accepted
31204998,150100,SHEPHERDSVILLE POLICE DEPT.,Accepted,BULLITT,KY0480,1900,CEDAR GROVE,RD,,,,,,,,37.98028089,-85.67866314,1.997,2/7/23 0:00,1220,2,2,0,0,CLEAR,DRY,TRUE,REAR END IN TRAFFIC LANES BOTH VEHICLES MOVING,REAR END,STRAIGHT & LEVEL,DAYLIGHT,,,2/8/23 8:34,FALSE,79,Accepted
31204858,568000,LOUISVILLE METRO POLICE DEPT,Accepted,JEFFERSON,I 0064,,I64 E,,,,,,,,,38.27554999,-85.81277888,0.851,2/7/23 0:00,1602,2,2,0,0,CLEAR,DRY,TRUE,SIDESWIPE COLLISION - SAME DIRECTION,SIDESWIPE-SAME DIRECTION,CURVE & LEVEL,DAYLIGHT,,,2/8/23 8:02,FALSE,7349,Accepted
31204939,340200,LEXINGTON POLICE DEPARTMENT,Accepted,FAYETTE,I 0075,,I75 N,,,,,I 0064,I64 W,I 0075,I75 N EXIT113 OFF RAMP TO US27,38.06615769,-84.44416896,111.968,2/7/23 0:00,1622,2,2,0,0,CLOUDY,DRY,TRUE,SIDESWIPE COLLISION - SAME DIRECTION,SIDESWIPE-SAME DIRECTION,STRAIGHT & LEVEL,DAYLIGHT,,,2/8/23 8:05,FALSE,56413,Accepted
31204849,568000,LOUISVILLE METRO POLICE DEPT,Accepted,JEFFERSON,I 0265,,I265 NB,,,,,,,,,38.28589902,-85.50894989,30.166,2/7/23 0:00,1104,2,2,0,0,CLOUDY,DRY,FALSE,SIDESWIPE COLLISION - SAME DIRECTION,SIDESWIPE-SAME DIRECTION,STRAIGHT & GRADE,DAYLIGHT,,,2/8/23 8:01,FALSE,7316,Accepted
31204862,568000,LOUISVILLE METRO POLICE DEPT,Accepted,JEFFERSON,,,CHESTNUT,ST,E,KY0061,JACKSON,,,,,38.24758398,-85.74523591,0.422,2/6/23 0:00,1009,2,2,0,2,CLEAR,DRY,FALSE,ANGLE COLLISION - OTHER,ANGLE,STRAIGHT & LEVEL,DAYLIGHT,,,2/8/23 8:02,FALSE,5338,Accepted
32714003,KSP1300,KY STATE POLICE POST 13,Accepted,BREATHITT,KY0015,,KY15,,,,,,,,,37.55740891,-83.38712621,17.787,2/2/23 0:00,54,2,2,1,0,CLOUDY,DRY,FALSE,1 VEHICLE ENTERING/LEAVING ENTRANCE,ANGLE,STRAIGHT & LEVEL,DARK-HWY NOT LIGHTED,,,1/11/24 10:22,FALSE,350,Accepted
31258840,920000,OHIO COUNTY SHERIFF DEPT.,Accepted,OHIO,WN9007,,WN9007 N,,,,,,,,,37.37072094,-86.80084202,42.232,2/2/23 0:00,1554,2,2,0,0,CLEAR,DRY,FALSE,HEAD-ON COLLISION,HEAD ON,STRAIGHT & LEVEL,DAYLIGHT,,,2/20/23 10:57,FALSE,1117,Accepted
31242769,568000,LOUISVILLE METRO POLICE DEPT,Accepted,JEFFERSON,I 0265,,I265 S,,,,,,,,,38.23815425,-85.50424475,26.512,2/2/23 0:00,732,2,2,0,0,CLOUDY,DRY,FALSE,SIDESWIPE COLLISION - SAME DIRECTION,SIDESWIPE-SAME DIRECTION,STRAIGHT & LEVEL,DAWN,,,2/16/23 8:19,FALSE,7571,Accepted
31177564,568000,LOUISVILLE METRO POLICE DEPT,Accepted,JEFFERSON,I 0265,,I265 S,,,,,,,,,38.22347078,-85.50572163,25.471,2/2/23 0:00,547,1,1,0,1,CLEAR,WET,FALSE,OTHER ROADWAY OR MID-BLOCK COLLISION,SINGLE VEHICLE,STRAIGHT & LEVEL,DARK-HWY LIGHTED/ON,,,2/2/23 7:38,FALSE,5329,Accepted
31183207,KSP1200,KY STATE POLICE POST 12,Accepted,FRANKLIN,I 0064,,I64 W,,,,,,,,,38.15183357,-84.95134894,49.926,2/2/23 0:00,749,1,1,0,0,CLOUDY,DRY,FALSE,OTHER ROADWAY OR MID-BLOCK COLLISION,SINGLE VEHICLE,STRAIGHT & LEVEL,DAYLIGHT,,,2/3/23 9:45,FALSE,358,Accepted
31193600,568000,LOUISVILLE METRO POLICE DEPT,Accepted,JEFFERSON,I 0265,,I265 SB,,,,,,,,,38.2215386,-85.50581747,25.363,2/1/23 0:00,1537,7,7,0,3,CLEAR,DRY,FALSE,REAR END IN TRAFFIC LANES BOTH VEHICLES MOVING,REAR END,STRAIGHT & HILLCREST,DAYLIGHT,,,2/6/23 8:03,FALSE,5282,Accepted
31152468,110100,DANVILLE POLICE DEPARTMENT,Accepted,BOYLE,US0127,,MAIN,ST,W,US0127,4TH,,,,,37.6459241,-84.77403439,5.524,1/26/23 0:00,1315,2,2,0,0,CLOUDY,WET,TRUE,SIDESWIPE-SAME DIRECTION,SIDESWIPE-SAME DIRECTION,STRAIGHT & LEVEL,DAYLIGHT,,,1/27/23 7:18,FALSE,774,Accepted
31143988,568000,LOUISVILLE METRO POLICE DEPT,Accepted,JEFFERSON,I 0265,,I265 N,,,,,,,,,38.2326308,-85.50455777,26.166,1/24/23 0:00,1438,2,2,0,0,CLEAR,DRY,FALSE,SIDESWIPE COLLISION - SAME DIRECTION,SIDESWIPE-SAME DIRECTION,STRAIGHT & LEVEL,DAYLIGHT,,,1/25/23 13:08,FALSE,7316,Accepted
31141490,KSP1400,KY STATE POLICE POST 14,Accepted,BOYD,US0060,,US60,,W,,,,,,,38.37831748,-82.75402696,1.532,1/24/23 0:00,1235,1,1,0,0,CLEAR,DRY,FALSE,COLLISION WITH FIXED OBJECT NON - INTERSECTION - FIRST EVENT COLLISION 09 - 32 EXCLUDING 16,SINGLE VEHICLE,STRAIGHT & LEVEL,DAYLIGHT,,,1/25/23 0:25,FALSE,710,Accepted
31117260,340200,LEXINGTON POLICE DEPARTMENT,Accepted,FAYETTE,I 0075,,I75 N,,,,,,,,,38.09459381,-84.47490595,114.559,1/18/23 0:00,1352,1,1,0,0,CLEAR,DRY,FALSE,OTHER ROADWAY OR MID-BLOCK COLLISION,SINGLE VEHICLE,STRAIGHT & LEVEL,DAYLIGHT,,,1/19/23 12:11,FALSE,55504,Accepted
31116411,340200,LEXINGTON POLICE DEPARTMENT,Accepted,FAYETTE,I 0075,,I75 S,,,,,,,,,38.08196774,-84.46041762,113.386,1/18/23 0:00,1040,2,2,0,0,CLOUDY,DRY,FALSE,SIDESWIPE COLLISION - SAME DIRECTION,SIDESWIPE-SAME DIRECTION,STRAIGHT & LEVEL,DAYLIGHT,,,1/19/23 9:28,FALSE,40593,Accepted
31150112,340200,LEXINGTON POLICE DEPARTMENT,Accepted,FAYETTE,,,MAXWELL,ST,E,,STONE,,,,,38.04049652,-84.49791014,0.267,1/18/23 0:00,1430,2,2,0,0,CLOUDY,DRY,FALSE,COLLISION WITH PARKED VEHICLE,REAR END,STRAIGHT & LEVEL,DAYLIGHT,,,1/26/23 17:14,FALSE,59791,Accepted
31175671,1020000,ROCKCASTLE COUNTY SHERIFF DEPT,Accepted,ROCKCASTLE,US0025,,WILDERNESS,RD,N,,,,,,,37.46264121,-84.3313246,22.353,1/17/23 0:00,1525,2,2,0,1,CLEAR,DRY,FALSE,OTHER ROADWAY OR MID-BLOCK COLLISION,REAR END,STRAIGHT & GRADE,DAYLIGHT,,,2/1/23 18:53,FALSE,1103,Accepted
31126327,1030100,MOREHEAD POLICE DEPARTMENT,Accepted,ROWAN,,,1ST,ST,W,,,,,,,38.17878189,-83.43557291,0.161,1/17/23 0:00,658,2,2,0,0,RAINING,WET,FALSE,1 VEHICLE PARKED POSITION (NOT PARKING LOT/DRIVEWAY),BACKING,STRAIGHT & LEVEL,DARK-HWY LIGHTED/ON,,,1/21/23 9:00,FALSE,112,Accepted
31100689,568000,LOUISVILLE METRO POLICE DEPT,Accepted,JEFFERSON,I 0265,,I265 E,,,,,I 0265,I265 E EXIT23 ON RAMP FROM KY155,I 0064,I265 N EXIT25A RAMP TO I64 E,38.20060672,-85.50754254,23.948,1/15/23 0:00,1418,2,2,0,0,CLEAR,DRY,FALSE,REAR END IN TRAFFIC LANES BOTH VEHICLES MOVING,REAR END,STRAIGHT & GRADE,DAYLIGHT,,,1/16/23 7:57,FALSE,2109,Accepted
31100659,568000,LOUISVILLE METRO POLICE DEPT,Accepted,JEFFERSON,I 0265,,I265 N,,,,,,,,,38.21824997,-85.50598305,25.232,1/15/23 0:00,342,1,1,0,0,CLEAR,DRY,FALSE,COLLISION WITH FIXED OBJECT NON - INTERSECTION - FIRST EVENT COLLISION 09 - 32 EXCLUDING 16,SINGLE VEHICLE,STRAIGHT & LEVEL,DARK-HWY LIGHTED/ON,,,1/16/23 7:54,FALSE,5329,Accepted
31100643,568000,LOUISVILLE METRO POLICE DEPT,Accepted,JEFFERSON,I 0265,,I265 N,,,,,,,,,38.21824997,-85.50598305,25.232,1/14/23 0:00,2009,1,1,0,0,CLEAR,DRY,FALSE,COLLISION WITH FIXED OBJECT NON - INTERSECTION - FIRST EVENT COLLISION 09 - 32 EXCLUDING 16,SINGLE VEHICLE,STRAIGHT & LEVEL,DARK-HWY LIGHTED/ON,,,1/16/23 7:54,FALSE,5329,Accepted
31089437,568000,LOUISVILLE METRO POLICE DEPT,Accepted,JEFFERSON,I 0071,,I71 SB,,,,,,,,,38.31929845,-85.56689412,9.978,1/12/23 0:00,1720,2,2,0,0,CLEAR,WET,FALSE,SIDESWIPE COLLISION - SAME DIRECTION,SIDESWIPE-SAME DIRECTION,STRAIGHT & LEVEL,DARK-HWY NOT LIGHTED,,,1/13/23 7:25,FALSE,7369,Accepted
31089412,568000,LOUISVILLE METRO POLICE DEPT,Accepted,JEFFERSON,I 0071,,I71 S,,,,,,,,,38.31867971,-85.56980328,9.813,1/12/23 0:00,815,2,2,0,1,RAINING,WET,FALSE,REAR END IN TRAFFIC LANES BOTH VEHICLES MOVING,REAR END,STRAIGHT & LEVEL,DAWN,,,1/13/23 7:24,FALSE,7316,Accepted
31100692,340200,LEXINGTON POLICE DEPARTMENT,Accepted,FAYETTE,KY1681,,MANCHESTER,ST,,,,,WILLARD,,TARR,38.0530802,-84.5101745,7.484,1/12/23 0:00,1250,2,2,0,0,RAINING,WET,FALSE,1 VEHICLE PARKED POSITION (NOT PARKING LOT/DRIVEWAY),BACKING,STRAIGHT & LEVEL,DAYLIGHT,,,1/16/23 7:58,FALSE,56481,Accepted
31086756,110100,DANVILLE POLICE DEPARTMENT,Accepted,BOYLE,US0127,,4TH,ST,S,,MARTIN LUTHER KING,,,,,37.64370781,-84.77425558,5.252,1/11/23 0:00,1329,2,2,0,0,CLOUDY,DRY,FALSE,ANGLE COLLISION - OTHER,ANGLE,STRAIGHT & GRADE,DAYLIGHT,,,1/12/23 15:52,FALSE,731,Accepted
31067570,340200,LEXINGTON POLICE DEPARTMENT,Accepted,FAYETTE,,,JEFFERSON,ST,,,6TH,,,,,38.05936728,-84.49261809,0.774,1/10/23 0:00,1420,2,2,0,0,CLEAR,DRY,FALSE,COLLISION WITH PARKED VEHICLE,REAR END,STRAIGHT & LEVEL,DAYLIGHT,,,1/10/23 22:09,FALSE,59791,Accepted
31069291,930400,OLDHAM COUNTY POLICE DEPT.,Accepted,OLDHAM,I 0071,,I71 N,,,,,,,,,38.33533138,-85.52691561,12.4,1/10/23 0:00,1420,2,2,0,0,CLEAR,DRY,TRUE,SIDESWIPE COLLISION - SAME DIRECTION,SIDESWIPE-SAME DIRECTION,STRAIGHT & GRADE,DAYLIGHT,,,1/11/23 8:03,FALSE,3060,Accepted
31067787,340200,LEXINGTON POLICE DEPARTMENT,Accepted,FAYETTE,KY1974,,TATES CREEK,RD,,,CLEARWATER,,,,,37.96292049,-84.49475729,7.349,1/10/23 0:00,1531,2,2,0,0,CLEAR,DRY,TRUE,COLLISION WITH PARKED VEHICLE,SIDESWIPE-SAME DIRECTION,CURVE & GRADE,DAYLIGHT,,,1/10/23 23:38,FALSE,58943,Accepted
31069164,568000,LOUISVILLE METRO POLICE DEPT,Accepted,JEFFERSON,,,13TH,ST,S,US0150,BROADWAY,,,,,38.24781774,-85.77323821,0.643,1/9/23 0:00,1058,2,2,0,0,CLEAR,DRY,FALSE,OTHER INTERSECTION COLLISIONS,REAR END,STRAIGHT & LEVEL,DAYLIGHT,,,1/11/23 7:33,FALSE,5338,Accepted
31057990,568000,LOUISVILLE METRO POLICE DEPT,Accepted,JEFFERSON,I 0265,,I265 S,,,,,,,,,38.26442719,-85.50173404,28.33,1/8/23 0:00,207,1,1,0,0,CLEAR,DRY,FALSE,VEHICLE GOING IN WRONG DIRECTION,SINGLE VEHICLE,STRAIGHT & LEVEL,DARK-HWY NOT LIGHTED,,,1/9/23 7:53,FALSE,2053,Accepted
30997483,568000,LOUISVILLE METRO POLICE DEPT,Accepted,JEFFERSON,I 0265,,I265 W,,,,,,,,,38.20693507,-85.50730536,24.353,1/1/23 0:00,456,1,1,0,0,FOG,DRY,FALSE,COLLISION WITH FIXED OBJECT NON - INTERSECTION - FIRST EVENT COLLISION 09 - 32 EXCLUDING 16,SINGLE VEHICLE,STRAIGHT & LEVEL,DARK-HWY LIGHTED/ON,,,1/2/23 10:09,FALSE,5329,Accepted